shape_id,shape_pt_lat,shape_pt_lon,shape_pt_sequence,shape_dist_traveled
13796,50.67676,-120.32578,0,0
13796,50.67673,-120.32698,1,88
13796,50.67667,-120.32714,2,101
13796,50.67667,-120.32959,3,273
13796,50.67667,-120.33115,4,382
13796,50.67667,-120.332,5,442
13796,50.67539,-120.33201,6,584
13796,50.67495,-120.33201,7,632
13796,50.6749,-120.3314,8,680
13796,50.67495,-120.33133,9,689
13796,50.67494,-120.32984,10,792
13796,50.67493,-120.32715,11,980
13796,50.67482,-120.32667,12,1026
13796,50.67493,-120.32667,13,1038
13796,50.67493,-120.32429,14,1204
13796,50.67478,-120.32177,15,1396
13796,50.67492,-120.32177,16,1411
13796,50.67491,-120.32032,17,1512
13796,50.67489,-120.31823,18,1658
13796,50.67433,-120.31639,19,1802
13796,50.67393,-120.31565,20,1883
13796,50.67405,-120.31555,21,1898
13796,50.67363,-120.3142,22,2002
13796,50.6732,-120.31285,23,2106
13796,50.67307,-120.31135,24,2219
13796,50.67314,-120.31135,25,2227
13796,50.67314,-120.30938,26,2366
13796,50.67314,-120.30759,27,2491
13796,50.67308,-120.30692,28,2543
13796,50.67313,-120.30672,29,2562
13796,50.67303,-120.30578,30,2626
13796,50.67323,-120.30456,31,2714
13796,50.67328,-120.30309,32,2817
13796,50.67313,-120.30045,33,3002
13796,50.67306,-120.29908,34,3098
13796,50.67262,-120.29738,35,3227
13796,50.6724,-120.29566,36,3349
13796,50.6723,-120.29461,37,3427
13796,50.67247,-120.29327,38,3526
13796,50.67255,-120.29303,39,3545
13796,50.67302,-120.29223,40,3621
13796,50.67415,-120.29111,41,3768
13796,50.67446,-120.29061,42,3823
13796,50.6745,-120.29068,43,3829
13796,50.67494,-120.28998,44,3897
13796,50.67506,-120.28956,45,3929
13796,50.67517,-120.28811,46,4037
13796,50.67524,-120.28813,47,4044
13796,50.6755,-120.28595,48,4199
13796,50.67576,-120.28377,49,4354
13796,50.67574,-120.28341,50,4385
13796,50.6758,-120.28343,51,4392
13796,50.6761,-120.28093,52,4571
13796,50.67619,-120.28013,53,4627
13796,50.67597,-120.27701,54,4847
13796,50.67589,-120.27675,55,4871
13796,50.67595,-120.27675,56,4877
13796,50.67583,-120.27497,57,5000
13796,50.67563,-120.27238,58,5185
13796,50.6771,-120.27234,59,5349
13796,50.6774,-120.27225,60,5387
13796,50.6774,-120.27234,61,5393
13796,50.67857,-120.27231,62,5521
13796,50.67904,-120.2723,63,5573
13796,50.67902,-120.27183,64,5606
13796,50.67899,-120.2717,65,5615
13796,50.67882,-120.27153,66,5644
13796,50.6789,-120.27146,67,5654
13796,50.67869,-120.27087,68,5701
13796,50.67868,-120.26891,69,5839
13796,50.67868,-120.26856,70,5863
13796,50.67977,-120.26822,71,5986
13796,50.68025,-120.26807,72,6040
13796,50.68008,-120.26701,73,6122
13796,50.68014,-120.26699,74,6128
13796,50.67994,-120.26558,75,6230
13796,50.67963,-120.264,76,6346
13796,50.67954,-120.26367,77,6369
13796,50.67942,-120.26362,78,6383
13796,50.67918,-120.26376,79,6411
13796,50.67873,-120.26183,80,6561
13796,50.67879,-120.2618,81,6567
13796,50.67866,-120.26117,82,6613
13796,50.67852,-120.26133,83,6632
13796,50.67737,-120.26199,84,6772
13796,50.67637,-120.26229,85,6890
13796,50.67615,-120.26135,86,6966
13796,50.67622,-120.26132,87,6973
13796,50.6754,-120.25717,88,7279
13796,50.67521,-120.25651,89,7334
13796,50.6749,-120.25486,90,7460
13796,50.67439,-120.2525,91,7635
13796,50.67419,-120.25184,92,7690
13796,50.67368,-120.2493,93,7883
13796,50.67343,-120.24671,94,8068
13796,50.67324,-120.24543,95,8166
13796,50.6733,-120.24542,96,8173
13796,50.67303,-120.24254,97,8376
13796,50.67288,-120.24168,98,8444
13796,50.67294,-120.24166,99,8450
13796,50.6727,-120.23915,100,8629
13796,50.67257,-120.23841,101,8687
13796,50.6724,-120.23619,102,8849
13796,50.6721,-120.23463,103,8963
13796,50.67181,-120.23332,104,9059
13796,50.67167,-120.233,105,9086
13796,50.67126,-120.2325,106,9146
13796,50.67043,-120.2304,107,9324
13796,50.66998,-120.22887,108,9442
13796,50.66994,-120.22843,109,9473
13796,50.66998,-120.22799,110,9504
13796,50.67009,-120.22766,111,9530
13796,50.67037,-120.22733,112,9573
13796,50.67038,-120.22742,113,9579
13796,50.67051,-120.22735,114,9594
13796,50.6705,-120.22727,115,9600
13796,50.67052,-120.22719,116,9606
13796,50.67055,-120.22712,117,9612
13796,50.67065,-120.22708,118,9622
13796,50.67073,-120.22714,119,9631
13796,50.67156,-120.22679,120,9728
13796,50.67173,-120.22652,121,9755
13796,50.67177,-120.2263,122,9771
13796,50.67179,-120.22595,123,9795
13796,50.67098,-120.22207,124,10081
13796,50.67088,-120.22059,125,10185
13796,50.671,-120.21918,126,10285
13796,50.67158,-120.21631,127,10496
13796,50.67176,-120.2143,128,10639
13796,50.67173,-120.21333,129,10707
13796,50.67016,-120.20621,130,11239
13796,50.66964,-120.20396,131,11407
13796,50.66915,-120.20054,132,11653
13796,50.66898,-120.19788,133,11842
13796,50.66914,-120.19206,134,12252
13796,50.66925,-120.18858,135,12498
13796,50.6692,-120.18796,136,12542
13796,50.66914,-120.18781,137,12554
13796,50.66892,-120.18758,138,12583
13796,50.66808,-120.18721,139,12678
13796,50.66802,-120.1871,140,12687
13796,50.66802,-120.18696,141,12697
13796,50.66795,-120.18642,142,12734
13796,50.66797,-120.18634,143,12740
13796,50.66801,-120.18183,144,13062
13796,50.66807,-120.18165,145,13079
13796,50.66806,-120.18095,146,13127
13796,50.66803,-120.18079,147,13138
13796,50.66801,-120.1802,148,13179
13796,50.66794,-120.17984,149,13204
13796,50.6679,-120.17975,150,13211
13796,50.66796,-120.17966,151,13220
13796,50.66809,-120.17932,152,13248
13796,50.66798,-120.17726,153,13397
13796,50.66801,-120.17656,154,13450
13796,50.66782,-120.17569,155,13514
13796,50.66669,-120.17325,156,13727
13796,50.66654,-120.17304,157,13752
13796,50.66652,-120.17288,158,13766
13796,50.66604,-120.17157,159,13872
13796,50.66567,-120.16976,160,14010
13796,50.66529,-120.16717,161,14203
13796,50.66471,-120.16397,162,14442
13796,50.66477,-120.16395,163,14448
13796,50.66456,-120.1609,164,14664
13796,50.66459,-120.15946,165,14765
13796,50.66479,-120.15739,166,14917
13796,50.66486,-120.15729,167,14930
13796,50.66523,-120.15449,168,15130
13796,50.66566,-120.15093,169,15391
13796,50.66595,-120.14924,170,15518
13796,50.66609,-120.14822,171,15591
13796,50.66607,-120.14749,172,15642
13796,50.6658,-120.14585,173,15761
13796,50.66566,-120.14534,174,15804
13796,50.66567,-120.14513,175,15822
13796,50.66544,-120.14374,176,15923
13796,50.6646,-120.13984,177,16213
13796,50.66424,-120.13834,178,16326
13796,50.66374,-120.13651,179,16471
13796,50.6638,-120.13648,180,16477
13796,50.66312,-120.13304,181,16729
13796,50.66285,-120.13205,182,16811
13796,50.66291,-120.13202,183,16817
13796,50.66242,-120.12972,184,16987
13796,50.6622,-120.12915,185,17038
13796,50.66208,-120.12873,186,17074
13796,50.66117,-120.12753,187,17205
13796,50.66032,-120.12648,188,17324
13796,50.65963,-120.1253,189,17437
13796,50.65903,-120.12363,190,17572
13796,50.65879,-120.12303,191,17626
13796,50.65813,-120.12084,192,17801
13796,50.65783,-120.1195,193,17901
13796,50.65769,-120.11636,194,18122
13796,50.65764,-120.11434,195,18265
13796,50.65757,-120.11181,196,18443
13796,50.65752,-120.11003,197,18568
13796,50.65736,-120.10876,198,18657
13796,50.6565,-120.10604,199,18870
13796,50.65622,-120.10543,200,18928
13796,50.65627,-120.10539,201,18934
13796,50.65578,-120.104,202,19044
13796,50.65557,-120.10298,203,19119
13796,50.65551,-120.10137,204,19232
13796,50.65558,-120.09981,205,19342
13796,50.65561,-120.09817,206,19456
13796,50.65554,-120.09729,207,19523
13796,50.65545,-120.09383,208,19771
13796,50.65552,-120.09292,209,19835
13796,50.65583,-120.09135,210,19950
13796,50.65557,-120.08671,211,20279
13796,50.65548,-120.08394,212,20481
13796,50.65554,-120.08395,213,20488
13796,50.65559,-120.08238,214,20597
13796,50.65556,-120.08053,215,20726
13796,50.65552,-120.08017,216,20751
13796,50.65495,-120.08041,217,20814
13796,50.65469,-120.079,218,20915
13796,50.65461,-120.07874,219,20939
13797,50.67074,-120.36864,0,0
13797,50.67068,-120.36862,1,6
13797,50.67067,-120.36871,2,12
13797,50.67071,-120.36881,3,19
13797,50.67083,-120.3689,4,32
13797,50.67093,-120.36916,5,53
13797,50.67035,-120.36966,6,125
13797,50.66881,-120.37007,7,302
13797,50.6687,-120.37002,8,318
13797,50.66729,-120.37026,9,475
13797,50.66696,-120.37035,10,510
13797,50.66662,-120.37061,11,551
13797,50.66634,-120.37105,12,594
13797,50.66587,-120.37236,13,699
13797,50.66574,-120.37258,14,719
13797,50.66551,-120.37278,15,746
13797,50.66523,-120.37292,16,779
13797,50.66515,-120.37286,17,790
13797,50.66498,-120.37282,18,808
13797,50.66473,-120.37265,19,838
13797,50.66395,-120.37184,20,945
13797,50.66382,-120.37164,21,968
13797,50.66287,-120.37082,22,1087
13797,50.66197,-120.37007,23,1199
13797,50.66029,-120.36984,24,1387
13797,50.65905,-120.36964,25,1524
13797,50.65829,-120.36972,26,1607
13797,50.65776,-120.37007,27,1668
13797,50.65742,-120.37049,28,1713
13797,50.65673,-120.37211,29,1850
13797,50.65669,-120.3722,30,1857
13797,50.65659,-120.37224,31,1867
13797,50.65653,-120.37224,32,1873
13797,50.6564,-120.37216,33,1888
13797,50.65632,-120.37205,34,1900
13797,50.65616,-120.372,35,1917
13797,50.65534,-120.37237,36,2012
13797,50.65528,-120.37236,37,2020
13797,50.65518,-120.37244,38,2031
13797,50.65515,-120.37259,39,2042
13797,50.65516,-120.37285,40,2059
13797,50.6552,-120.373,41,2070
13797,50.65554,-120.37366,42,2128
13797,50.65511,-120.37425,43,2191
13797,50.65485,-120.37485,44,2240
13797,50.65468,-120.37564,45,2295
13797,50.65465,-120.37643,46,2350
13797,50.65478,-120.37734,47,2413
13797,50.65524,-120.37902,48,2541
13797,50.6554,-120.37941,49,2577
13797,50.65542,-120.37964,50,2596
13797,50.65563,-120.38023,51,2642
13797,50.65566,-120.3804,52,2654
13797,50.65601,-120.38122,53,2723
13797,50.65609,-120.38159,54,2751
13797,50.65621,-120.38332,55,2877
13797,50.65623,-120.38363,56,2901
13797,50.65631,-120.38389,57,2922
13797,50.65762,-120.38658,58,3161
13797,50.65791,-120.38707,59,3212
13797,50.65861,-120.3886,60,3347
13797,50.659,-120.38928,61,3416
13797,50.65904,-120.38947,62,3434
13797,50.65985,-120.39114,63,3581
13797,50.66052,-120.39251,64,3702
13797,50.66087,-120.39319,65,3766
13797,50.66092,-120.39356,66,3796
13797,50.66104,-120.39401,67,3830
13797,50.66127,-120.3957,68,3951
13797,50.66175,-120.39732,69,4083
13797,50.6617,-120.39735,70,4089
13797,50.66196,-120.3983,71,4161
13797,50.66066,-120.39893,72,4307
13797,50.65965,-120.3996,73,4427
13797,50.65955,-120.39969,74,4439
13797,50.65944,-120.39974,75,4451
13797,50.65902,-120.40044,76,4520
13797,50.65849,-120.40114,77,4598
13797,50.6582,-120.40138,78,4633
13797,50.65799,-120.40146,79,4656
13797,50.65761,-120.40147,80,4698
13797,50.65725,-120.40135,81,4739
13797,50.65636,-120.40076,82,4849
13797,50.6555,-120.40003,83,4960
13797,50.65412,-120.39886,84,5133
13797,50.65401,-120.39876,85,5146
13797,50.65361,-120.4001,86,5249
13797,50.65356,-120.40037,87,5269
13797,50.65354,-120.401,88,5312
13797,50.65372,-120.40195,89,5387
13798,50.71127,-120.38149,0,0
13798,50.67676,-120.32578,1,7600
13799,50.67676,-120.32606,0,0
13799,50.67084,-120.36846,1,5700
13803,50.67685,-120.32626,0,0
13803,50.67693,-120.32626,1,8
13803,50.67692,-120.32536,2,71
13803,50.67685,-120.32524,3,82
13803,50.67676,-120.32526,4,92
13803,50.67673,-120.32537,5,99
13803,50.67673,-120.32698,6,212
13803,50.67667,-120.32714,7,225
13803,50.67667,-120.32959,8,397
13803,50.67667,-120.33115,9,506
13803,50.67667,-120.332,10,566
13803,50.67539,-120.33201,11,708
13803,50.6746,-120.33207,12,798
13803,50.67451,-120.33201,13,811
13803,50.67318,-120.33202,14,957
13803,50.6729,-120.33209,15,993
13803,50.67274,-120.33202,16,1015
13803,50.67194,-120.33208,17,1106
13803,50.67188,-120.33203,18,1115
13803,50.67144,-120.33203,19,1162
13803,50.67146,-120.3336,20,1272
13803,50.67157,-120.33396,21,1310
13803,50.67146,-120.33397,22,1322
13803,50.67146,-120.33551,23,1430
13803,50.67146,-120.33857,24,1645
13803,50.67146,-120.34015,25,1755
13803,50.67164,-120.34202,26,1887
13803,50.67202,-120.34355,27,2002
13803,50.67254,-120.34485,28,2109
13803,50.67301,-120.34579,29,2197
13803,50.67357,-120.3472,30,2318
13803,50.67396,-120.3483,31,2406
13803,50.67404,-120.34903,32,2457
13803,50.67401,-120.34948,33,2488
13803,50.67377,-120.35052,34,2568
13803,50.67336,-120.35178,35,2670
13803,50.67289,-120.35297,36,2766
13803,50.67246,-120.35368,37,2836
13803,50.67166,-120.35433,38,2937
13803,50.6708,-120.35465,39,3034
13803,50.66996,-120.35462,40,3126
13803,50.66993,-120.35517,41,3163
13803,50.66988,-120.35538,42,3179
13803,50.66948,-120.35639,43,3264
13803,50.66942,-120.35646,44,3273
13803,50.66907,-120.35736,45,3345
13803,50.66859,-120.35949,46,3501
13803,50.66819,-120.36139,47,3641
13803,50.66811,-120.36151,48,3655
13803,50.66778,-120.36306,49,3770
13803,50.66764,-120.3641,50,3844
13803,50.66808,-120.36409,51,3899
13803,50.66806,-120.36421,52,3907
13803,50.669,-120.36444,53,4011
13803,50.66996,-120.36468,54,4117
13803,50.67014,-120.36494,55,4144
13803,50.67026,-120.36531,56,4174
13803,50.67023,-120.36552,57,4192
13803,50.67028,-120.36576,58,4209
13803,50.67038,-120.366,59,4229
13803,50.67052,-120.3662,60,4249
13803,50.67114,-120.36672,61,4326
13803,50.67126,-120.36707,62,4354
13803,50.6713,-120.36741,63,4377
13803,50.67122,-120.36778,64,4404
13803,50.67107,-120.36807,65,4433
13803,50.67069,-120.36858,66,4491
13803,50.67067,-120.36871,67,4500
13803,50.67071,-120.36881,68,4507
13803,50.67083,-120.3689,69,4520
13803,50.67093,-120.36916,70,4541
13803,50.67035,-120.36966,71,4613
13803,50.66881,-120.37007,72,4790
13803,50.6687,-120.37002,73,4806
13803,50.66795,-120.37015,74,4889
13803,50.66766,-120.3682,75,5027
13803,50.66753,-120.36665,76,5136
13803,50.66755,-120.3651,77,5244
13803,50.6677,-120.36362,78,5349
13803,50.66771,-120.36319,79,5383
13803,50.66778,-120.36306,80,5398
13803,50.66809,-120.36158,81,5508
13803,50.66834,-120.36012,82,5611
13803,50.66872,-120.35844,83,5736
13803,50.66872,-120.35795,84,5769
13803,50.66868,-120.35783,85,5778
13803,50.66859,-120.3577,86,5790
13803,50.66783,-120.35725,87,5883
13803,50.66786,-120.35717,88,5889
13803,50.66749,-120.35681,89,5935
13803,50.66726,-120.35647,90,5968
13803,50.66698,-120.35568,91,6030
13803,50.66695,-120.35412,92,6136
13803,50.66692,-120.35265,93,6239
13803,50.66671,-120.35181,94,6300
13803,50.6664,-120.35137,95,6353
13803,50.66646,-120.35129,96,6362
13803,50.66613,-120.35079,97,6411
13803,50.66508,-120.3499,98,6541
13803,50.6641,-120.34916,99,6661
13803,50.66315,-120.34846,100,6782
13803,50.6632,-120.34836,101,6790
13803,50.66212,-120.34742,102,6923
13803,50.66139,-120.34662,103,7019
13803,50.66088,-120.34579,104,7101
13803,50.66075,-120.34548,105,7127
13803,50.66055,-120.34527,106,7156
13803,50.66045,-120.34503,107,7180
13803,50.66031,-120.34528,108,7204
13803,50.66023,-120.3456,109,7227
13803,50.66023,-120.34607,110,7260
13803,50.66036,-120.34652,111,7294
13803,50.66098,-120.34747,112,7395
13803,50.66101,-120.34763,113,7409
13803,50.66131,-120.34813,114,7458
13803,50.66144,-120.34868,115,7499
13803,50.66141,-120.3507,116,7640
13803,50.6613,-120.35125,117,7680
13803,50.66103,-120.3519,118,7741
13803,50.66098,-120.35183,119,7748
13803,50.66033,-120.35287,120,7850
13803,50.65973,-120.35466,121,7993
13803,50.65932,-120.35572,122,8083
13803,50.65831,-120.35645,123,8210
13803,50.65747,-120.3566,124,8303
13803,50.65676,-120.3571,125,8388
13803,50.65567,-120.35738,126,8508
13803,50.65522,-120.35761,127,8564
13803,50.6551,-120.35759,128,8579
13803,50.6546,-120.35788,129,8636
13803,50.65385,-120.35875,130,8738
13803,50.65375,-120.35897,131,8757
13803,50.65368,-120.3592,132,8774
13803,50.6537,-120.35961,133,8808
13803,50.65364,-120.35959,134,8814
13803,50.65344,-120.36132,135,8937
13803,50.65331,-120.36172,136,8968
13803,50.65315,-120.36195,137,8994
13804,50.71127,-120.38149,0,0
13804,50.70585,-120.42115,1,3300
13806,50.67676,-120.32606,0,0
13806,50.67673,-120.32698,1,69
13806,50.67667,-120.32714,2,82
13806,50.67667,-120.32959,3,254
13806,50.67667,-120.33115,4,363
13806,50.67667,-120.332,5,423
13806,50.67539,-120.33201,6,565
13806,50.6746,-120.33207,7,655
13806,50.67451,-120.33201,8,668
13806,50.67318,-120.33202,9,814
13806,50.6729,-120.33209,10,850
13806,50.67274,-120.33202,11,872
13806,50.67194,-120.33208,12,963
13806,50.67188,-120.33203,13,972
13806,50.67134,-120.33202,14,1030
13806,50.67133,-120.32979,15,1186
13806,50.67125,-120.32932,16,1226
13806,50.67133,-120.32932,17,1235
13806,50.67132,-120.32738,18,1370
13806,50.67138,-120.3243,19,1585
13806,50.67105,-120.32438,20,1627
13806,50.67095,-120.32431,21,1642
13806,50.66963,-120.32432,22,1788
13806,50.66942,-120.3244,23,1816
13806,50.66919,-120.32432,24,1846
13806,50.66772,-120.32435,25,2009
13806,50.66694,-120.32441,26,2099
13806,50.66685,-120.32435,27,2113
13806,50.66625,-120.32436,28,2180
13806,50.66611,-120.32448,29,2197
13806,50.66596,-120.32482,30,2225
13806,50.66596,-120.32728,31,2399
13806,50.66573,-120.32745,32,2431
13806,50.66555,-120.32746,33,2456
13806,50.66516,-120.32763,34,2500
13806,50.6649,-120.32765,35,2528
13806,50.66466,-120.32757,36,2554
13806,50.66447,-120.32734,37,2580
13806,50.66421,-120.32657,38,2646
13806,50.66428,-120.32655,39,2654
13806,50.66425,-120.32605,40,2689
13806,50.66442,-120.32385,41,2845
13806,50.66426,-120.32359,42,2880
13806,50.66441,-120.32358,43,2896
13806,50.66423,-120.32228,44,2987
13806,50.66423,-120.32036,45,3122
13806,50.66424,-120.3187,46,3240
13806,50.66448,-120.31802,47,3298
13806,50.66546,-120.31664,48,3444
13806,50.6656,-120.31624,49,3484
13806,50.66566,-120.31635,50,3494
13806,50.66725,-120.31424,51,3724
13806,50.66794,-120.31416,52,3806
13806,50.66794,-120.31424,53,3812
13806,50.66916,-120.31423,54,3946
13806,50.6696,-120.31424,55,3994
13806,50.66954,-120.31368,56,4038
13806,50.66959,-120.31181,57,4175
13806,50.66958,-120.3094,58,4345
13806,50.6699,-120.3093,59,4387
13806,50.6699,-120.30941,60,4394
13806,50.6709,-120.3094,61,4504
13806,50.67136,-120.30941,62,4554
13806,50.67138,-120.31037,63,4625
13806,50.67135,-120.31179,64,4729
13806,50.67139,-120.31222,65,4763
13806,50.67136,-120.31422,66,4908
13806,50.67176,-120.31413,67,4958
13806,50.67176,-120.31422,68,4964
13806,50.67269,-120.31421,69,5064
13806,50.67313,-120.31419,70,5113
13806,50.67317,-120.31466,71,5149
13806,50.67314,-120.31662,72,5290
13806,50.67315,-120.31903,73,5460
13806,50.67319,-120.31936,74,5487
13806,50.67316,-120.32145,75,5638
13806,50.67313,-120.3243,76,5839
13806,50.67291,-120.32436,77,5866
13806,50.67183,-120.32432,78,5988
13806,50.67138,-120.3243,79,6037
13806,50.67142,-120.32466,80,6066
13806,50.67141,-120.32647,81,6197
13806,50.67143,-120.32862,82,6348
13806,50.67143,-120.32961,83,6417
13806,50.67124,-120.32961,84,6437
13806,50.67101,-120.32993,85,6471
13806,50.67101,-120.33097,86,6544
13806,50.67092,-120.33133,87,6570
13806,50.67095,-120.33145,88,6579
13806,50.67013,-120.33143,89,6669
13806,50.66997,-120.33136,90,6688
13806,50.66967,-120.33141,91,6722
13806,50.66956,-120.33136,92,6738
13806,50.6692,-120.33136,93,6776
13806,50.66914,-120.33036,94,6851
13806,50.66919,-120.33011,95,6874
13806,50.66984,-120.33007,96,6945
13806,50.67012,-120.32994,97,6976
13806,50.67101,-120.32993,98,7074
13806,50.67104,-120.32964,99,7095
13806,50.67143,-120.32961,100,7137
13806,50.67149,-120.33004,101,7173
13806,50.67144,-120.33004,102,7179
13806,50.67144,-120.33203,103,7317
13806,50.67146,-120.3336,104,7427
13806,50.67157,-120.33396,105,7465
13806,50.67146,-120.33397,106,7477
13806,50.67146,-120.33445,107,7510
13806,50.67275,-120.33443,108,7650
13806,50.67356,-120.33432,109,7747
13806,50.67356,-120.33443,110,7754
13806,50.67451,-120.33443,111,7858
13806,50.67466,-120.33432,112,7880
13806,50.67466,-120.33442,113,7887
13806,50.67495,-120.33442,114,7919
13806,50.67495,-120.33211,115,8081
13806,50.6749,-120.3314,116,8136
13806,50.67495,-120.33133,117,8145
13806,50.67494,-120.32984,118,8248
13806,50.67493,-120.32715,119,8436
13806,50.6756,-120.32706,120,8515
13806,50.6756,-120.32715,121,8521
13806,50.67667,-120.32714,122,8637
13806,50.67677,-120.32708,123,8649
13806,50.67689,-120.32708,124,8661
13806,50.67692,-120.32691,125,8673
13806,50.67693,-120.32546,126,8775
13806,50.67692,-120.32536,127,8782
13806,50.67685,-120.32524,128,8793
13806,50.67676,-120.32526,129,8803
13806,50.67673,-120.32537,130,8810
13806,50.67676,-120.32606,131,8862
13809,50.69778,-120.36016,0,0
13809,50.67084,-120.36846,1,7500
13810,50.71127,-120.38149,0,0
13810,50.69787,-120.36041,1,3100
13813,50.67676,-120.32578,0,0
13813,50.67673,-120.32698,1,88
13813,50.67667,-120.32714,2,101
13813,50.67667,-120.32959,3,273
13813,50.67667,-120.33115,4,382
13813,50.67667,-120.332,5,442
13813,50.67539,-120.33201,6,584
13813,50.67495,-120.33201,7,632
13813,50.6749,-120.3314,8,680
13813,50.67495,-120.33133,9,689
13813,50.67494,-120.32984,10,792
13813,50.67493,-120.32715,11,980
13813,50.67482,-120.32667,12,1026
13813,50.67493,-120.32667,13,1038
13813,50.67493,-120.32429,14,1204
13813,50.67478,-120.32177,15,1396
13813,50.67492,-120.32177,16,1411
13813,50.67491,-120.32032,17,1512
13813,50.67489,-120.31823,18,1658
13813,50.67433,-120.31639,19,1802
13813,50.67393,-120.31565,20,1883
13813,50.67405,-120.31555,21,1898
13813,50.67363,-120.3142,22,2002
13813,50.6732,-120.31285,23,2106
13813,50.67307,-120.31135,24,2219
13813,50.67314,-120.31135,25,2227
13813,50.67314,-120.30938,26,2366
13813,50.67314,-120.30759,27,2491
13813,50.67308,-120.30692,28,2543
13813,50.67313,-120.30672,29,2562
13813,50.67303,-120.30578,30,2626
13813,50.67323,-120.30456,31,2714
13813,50.67328,-120.30309,32,2817
13813,50.67313,-120.30045,33,3002
13813,50.67306,-120.29908,34,3098
13813,50.67262,-120.29738,35,3227
13813,50.6724,-120.29566,36,3349
13813,50.6723,-120.29461,37,3427
13813,50.67247,-120.29327,38,3526
13813,50.67255,-120.29303,39,3545
13813,50.67302,-120.29223,40,3621
13813,50.67415,-120.29111,41,3768
13813,50.67446,-120.29061,42,3823
13813,50.6745,-120.29068,43,3829
13813,50.67494,-120.28998,44,3897
13813,50.67506,-120.28956,45,3929
13813,50.67517,-120.28811,46,4037
13813,50.67524,-120.28813,47,4044
13813,50.6755,-120.28595,48,4199
13813,50.67576,-120.28377,49,4354
13813,50.67574,-120.28341,50,4385
13813,50.6758,-120.28343,51,4392
13813,50.6761,-120.28093,52,4571
13813,50.67619,-120.28013,53,4627
13813,50.67597,-120.27701,54,4847
13813,50.67589,-120.27675,55,4871
13813,50.67595,-120.27675,56,4877
13813,50.67583,-120.27497,57,5000
13813,50.67563,-120.27238,58,5185
13813,50.6771,-120.27234,59,5349
13813,50.6774,-120.27225,60,5387
13813,50.6774,-120.27234,61,5393
13813,50.67857,-120.27231,62,5521
13813,50.67904,-120.2723,63,5573
13813,50.67902,-120.27183,64,5606
13813,50.67899,-120.2717,65,5615
13813,50.67882,-120.27153,66,5644
13813,50.6789,-120.27146,67,5654
13813,50.67869,-120.27087,68,5701
13813,50.67868,-120.26891,69,5839
13813,50.67868,-120.26856,70,5863
13813,50.67977,-120.26822,71,5986
13813,50.68025,-120.26807,72,6040
13813,50.68008,-120.26701,73,6122
13813,50.68014,-120.26699,74,6128
13813,50.67994,-120.26558,75,6230
13813,50.67963,-120.264,76,6346
13813,50.67954,-120.26367,77,6369
13813,50.67942,-120.26362,78,6383
13813,50.67918,-120.26376,79,6411
13813,50.67873,-120.26183,80,6561
13813,50.67879,-120.2618,81,6567
13813,50.67866,-120.26117,82,6613
13813,50.67852,-120.26133,83,6632
13813,50.67737,-120.26199,84,6772
13813,50.67637,-120.26229,85,6890
13813,50.67615,-120.26135,86,6966
13813,50.67622,-120.26132,87,6973
13813,50.6754,-120.25717,88,7279
13813,50.67521,-120.25651,89,7334
13813,50.6749,-120.25486,90,7460
13813,50.67439,-120.2525,91,7635
13813,50.67419,-120.25184,92,7690
13813,50.67368,-120.2493,93,7883
13813,50.67343,-120.24671,94,8068
13813,50.67324,-120.24543,95,8166
13813,50.6733,-120.24542,96,8173
13813,50.67303,-120.24254,97,8376
13813,50.67288,-120.24168,98,8444
13813,50.67294,-120.24166,99,8450
13813,50.6727,-120.23915,100,8629
13813,50.67257,-120.23841,101,8687
13813,50.6724,-120.23619,102,8849
13813,50.6721,-120.23463,103,8963
13813,50.67181,-120.23332,104,9059
13813,50.67167,-120.233,105,9086
13813,50.67126,-120.2325,106,9146
13813,50.67043,-120.2304,107,9324
13813,50.66998,-120.22887,108,9442
13813,50.66994,-120.22843,109,9473
13813,50.66998,-120.22799,110,9504
13813,50.67009,-120.22766,111,9530
13813,50.67037,-120.22733,112,9573
13813,50.67038,-120.22742,113,9579
13813,50.67051,-120.22735,114,9594
13813,50.6705,-120.22727,115,9600
13813,50.67052,-120.22719,116,9606
13813,50.67055,-120.22712,117,9612
13813,50.67065,-120.22708,118,9622
13813,50.67073,-120.22714,119,9631
13813,50.67156,-120.22679,120,9728
13813,50.67173,-120.22652,121,9755
13813,50.67177,-120.2263,122,9771
13813,50.67179,-120.22595,123,9795
13813,50.67098,-120.22207,124,10081
13813,50.67088,-120.22059,125,10185
13813,50.671,-120.21918,126,10285
13813,50.67158,-120.21631,127,10496
13813,50.67176,-120.2143,128,10639
13813,50.67173,-120.21333,129,10707
13813,50.67016,-120.20621,130,11239
13813,50.66964,-120.20396,131,11407
13813,50.66915,-120.20054,132,11653
13813,50.66898,-120.19788,133,11842
13813,50.66918,-120.19045,134,12366
13813,50.66933,-120.18316,135,12879
13813,50.66963,-120.17865,136,13197
13813,50.6691,-120.17132,137,13716
13813,50.66828,-120.16184,138,14392
13813,50.66753,-120.15417,139,14939
13813,50.66712,-120.15105,140,15162
13813,50.66538,-120.14256,141,15790
13813,50.66296,-120.13131,142,16628
13813,50.66254,-120.12949,143,16763
13813,50.66171,-120.12714,144,16952
13813,50.65989,-120.12331,145,17289
13813,50.65891,-120.11992,146,17551
13813,50.65884,-120.11954,147,17579
13813,50.65875,-120.11939,148,17593
13813,50.65859,-120.11929,149,17611
13813,50.65783,-120.1195,150,17695
13813,50.65757,-120.11181,151,18237
13813,50.65752,-120.11003,152,18362
13813,50.65736,-120.10876,153,18451
13813,50.65622,-120.10543,154,18722
13813,50.65627,-120.10539,155,18728
13813,50.65578,-120.104,156,18838
13813,50.65557,-120.10298,157,18913
13813,50.65551,-120.10137,158,19026
13813,50.65558,-120.09981,159,19136
13813,50.65561,-120.09817,160,19250
13813,50.65554,-120.09729,161,19317
13813,50.65545,-120.09383,162,19565
13813,50.65552,-120.09292,163,19629
13813,50.65583,-120.09135,164,19744
13813,50.65557,-120.08671,165,20073
13813,50.65548,-120.08394,166,20275
13813,50.65554,-120.08395,167,20282
13813,50.65559,-120.08238,168,20391
13813,50.65556,-120.08053,169,20520
13813,50.65552,-120.08017,170,20545
13813,50.65495,-120.08041,171,20608
13813,50.65469,-120.079,172,20709
13813,50.65461,-120.07874,173,20733
13814,50.67676,-120.32578,0,0
13814,50.69778,-120.36016,1,5200
13819,50.67676,-120.3269,0,0
13819,50.71127,-120.38149,1,7600
13821,50.67676,-120.3269,0,0
13821,50.69778,-120.36016,1,5200
13822,50.74525,-120.35733,0,0
13822,50.74523,-120.35742,1,6
13822,50.74614,-120.3581,2,117
13822,50.74709,-120.35836,3,223
13822,50.74806,-120.35809,4,332
13822,50.74879,-120.35744,5,424
13822,50.74968,-120.35622,6,554
13822,50.75063,-120.35531,7,676
13822,50.7509,-120.35494,8,721
13822,50.75093,-120.35501,9,727
13822,50.7524,-120.35359,10,918
13822,50.75326,-120.35276,11,1030
13822,50.75356,-120.35233,12,1082
13822,50.75361,-120.35244,13,1090
13822,50.75464,-120.35145,14,1223
13822,50.75572,-120.35041,15,1364
13822,50.75606,-120.34999,16,1417
13822,50.75609,-120.35007,17,1423
13822,50.757,-120.3492,18,1539
13822,50.7574,-120.34894,19,1587
13822,50.75887,-120.34886,20,1750
13822,50.75926,-120.34877,21,1798
13822,50.75926,-120.34886,22,1804
13822,50.76053,-120.34885,23,1944
13822,50.76166,-120.34872,24,2076
13822,50.76166,-120.34881,25,2082
13822,50.76371,-120.34766,26,2323
13822,50.7655,-120.34647,27,2538
13822,50.76579,-120.34618,28,2580
13822,50.76581,-120.34627,29,2586
13822,50.7671,-120.34541,30,2739
13822,50.76814,-120.34472,31,2861
13822,50.76918,-120.34404,32,2984
13822,50.76948,-120.34371,33,3032
13822,50.76951,-120.34382,34,3040
13822,50.77047,-120.34319,35,3155
13822,50.77139,-120.34255,36,3266
13822,50.77173,-120.34222,37,3316
13822,50.77175,-120.34233,38,3324
13822,50.7738,-120.34099,39,3569
13822,50.77407,-120.34072,40,3610
13822,50.77409,-120.3408,41,3616
13822,50.77508,-120.34017,42,3733
13822,50.77551,-120.33999,43,3783
13822,50.77544,-120.33919,44,3846
13822,50.77551,-120.33919,45,3853
13822,50.7755,-120.33699,46,4007
13822,50.7755,-120.33549,47,4112
13822,50.7755,-120.33398,48,4218
13822,50.77544,-120.3328,49,4306
13825,50.69778,-120.36016,0,0
13825,50.71127,-120.38149,1,3100
13828,50.67114,-120.3682,0,0
13828,50.67121,-120.36831,1,10
13828,50.67132,-120.36814,2,27
13828,50.67132,-120.36793,3,41
13828,50.67122,-120.36778,4,54
13828,50.6713,-120.36741,5,81
13828,50.67126,-120.36707,6,104
13828,50.67114,-120.36672,7,132
13828,50.67052,-120.3662,8,209
13828,50.67038,-120.366,9,229
13828,50.67028,-120.36576,10,249
13828,50.67023,-120.36552,11,266
13828,50.67022,-120.36527,12,283
13828,50.67012,-120.36506,13,305
13828,50.67015,-120.36499,14,313
13828,50.66996,-120.36468,15,343
13828,50.669,-120.36444,16,449
13828,50.66764,-120.3641,17,601
13828,50.66753,-120.36582,18,722
13828,50.6676,-120.36717,19,820
13828,50.66756,-120.36723,20,827
13828,50.66774,-120.36888,21,944
13828,50.66799,-120.37031,22,1045
13828,50.66828,-120.37178,23,1153
13828,50.6683,-120.37188,24,1160
13828,50.6686,-120.37263,25,1221
13828,50.66878,-120.3729,26,1248
13828,50.66898,-120.37307,27,1272
13828,50.66945,-120.37299,28,1332
13828,50.66946,-120.37311,29,1340
13828,50.66989,-120.37289,30,1388
13828,50.67014,-120.37286,31,1415
13828,50.67033,-120.37289,32,1436
13828,50.67148,-120.37388,33,1581
13828,50.67253,-120.37483,34,1715
13828,50.67337,-120.3756,35,1822
13828,50.67383,-120.37589,36,1882
13828,50.67379,-120.37598,37,1889
13828,50.67493,-120.37703,38,2029
13828,50.67517,-120.37711,39,2053
13828,50.67537,-120.37708,40,2074
13828,50.67568,-120.37685,41,2109
13828,50.67665,-120.37528,42,2255
13828,50.67717,-120.37383,43,2367
13828,50.67729,-120.37292,44,2431
13828,50.67727,-120.37173,45,2513
13828,50.67683,-120.36988,46,2650
13828,50.67508,-120.36429,47,3083
13828,50.67491,-120.36356,48,3135
13828,50.6749,-120.36322,49,3159
13828,50.67497,-120.36277,50,3191
13828,50.67509,-120.36247,51,3215
13828,50.67518,-120.36232,52,3229
13828,50.67532,-120.36224,53,3245
13828,50.67553,-120.36197,54,3274
13828,50.67624,-120.36354,55,3408
13828,50.67697,-120.36459,56,3517
13828,50.67793,-120.36538,57,3636
13828,50.67913,-120.36612,58,3778
13828,50.67991,-120.36697,59,3882
13828,50.68064,-120.36837,60,4009
13828,50.68073,-120.36846,61,4019
13828,50.6808,-120.36849,62,4026
13828,50.68088,-120.36849,63,4035
13828,50.68095,-120.36846,64,4042
13828,50.68102,-120.3684,65,4051
13828,50.68115,-120.36819,66,4071
13828,50.68119,-120.36804,67,4082
13828,50.6812,-120.36758,68,4113
13828,50.68115,-120.36728,69,4134
13828,50.68032,-120.36546,70,4289
13828,50.68011,-120.36466,71,4349
13828,50.68007,-120.36375,72,4411
13828,50.68029,-120.36265,73,4490
13828,50.68121,-120.36055,74,4667
13828,50.68138,-120.35969,75,4729
13828,50.68139,-120.35923,76,4760
13828,50.68085,-120.35556,77,5023
13828,50.68027,-120.3541,78,5143
13828,50.67994,-120.35247,79,5262
13828,50.67919,-120.34984,80,5464
13828,50.67907,-120.34971,81,5479
13828,50.679,-120.34966,82,5487
13828,50.67893,-120.34965,83,5494
13828,50.67888,-120.34966,84,5500
13828,50.6788,-120.34974,85,5509
13828,50.67873,-120.34995,86,5525
13828,50.67868,-120.35063,87,5571
13828,50.67881,-120.35119,88,5611
13828,50.67891,-120.35139,89,5628
13828,50.67903,-120.3515,90,5643
13828,50.67926,-120.35158,91,5669
13828,50.67952,-120.35154,92,5697
13828,50.68363,-120.3484,93,6203
13828,50.68498,-120.34745,94,6367
13828,50.68616,-120.34725,95,6496
13828,50.68713,-120.34745,96,6603
13828,50.6883,-120.34811,97,6743
13828,50.68898,-120.349,98,6845
13828,50.6897,-120.35001,99,6952
13828,50.69081,-120.35156,100,7116
13828,50.69154,-120.35258,101,7223
13828,50.69179,-120.35279,102,7260
13828,50.69175,-120.35287,103,7267
13828,50.69265,-120.35413,104,7400
13828,50.69349,-120.35531,105,7523
13828,50.69377,-120.35559,106,7559
13828,50.69483,-120.35596,107,7679
13828,50.69507,-120.35589,108,7711
13828,50.69505,-120.356,109,7719
13828,50.69518,-120.356,110,7733
13828,50.69631,-120.35659,111,7862
13828,50.6973,-120.35721,112,7979
13828,50.6981,-120.35808,113,8084
13828,50.69836,-120.35853,114,8126
13828,50.69812,-120.35885,115,8161
13828,50.69801,-120.35914,116,8183
13828,50.69783,-120.3601,117,8251
13828,50.69787,-120.36041,118,8276
13830,50.71127,-120.38149,0,0
13830,50.67676,-120.32633,1,7600
13831,50.65879,-120.12303,0,0
13831,50.65792,-120.12,1,239
13831,50.65781,-120.11936,2,284
13831,50.65982,-120.11869,3,510
13831,50.66001,-120.12132,4,695
13831,50.66035,-120.12295,5,815
13831,50.66102,-120.12497,6,976
13831,50.66243,-120.1283,7,1258
13831,50.66553,-120.14253,8,2319
13831,50.66711,-120.15003,9,2876
13831,50.66846,-120.1618,10,3718
13831,50.66931,-120.17128,11,4394
13831,50.66977,-120.17706,12,4805
13831,50.66967,-120.18297,13,5225
13831,50.66932,-120.19203,14,5867
13831,50.66916,-120.19782,15,6276
13831,50.66933,-120.20051,16,6466
13831,50.66963,-120.20285,17,6635
13831,50.67105,-120.20911,18,7104
13831,50.67173,-120.21201,19,7321
13831,50.67195,-120.21332,20,7416
13831,50.67191,-120.2154,21,7563
13831,50.67113,-120.2195,22,7863
13831,50.67103,-120.22085,23,7958
13831,50.67113,-120.22218,24,8051
13831,50.67205,-120.22658,25,8377
13831,50.67195,-120.22668,26,8389
13831,50.67111,-120.22718,27,8491
13831,50.67105,-120.22716,28,8499
13831,50.67076,-120.22726,29,8531
13831,50.67074,-120.2274,30,8541
13831,50.6707,-120.22746,31,8547
13831,50.67064,-120.22748,32,8553
13831,50.67059,-120.22747,33,8559
13831,50.67051,-120.22735,34,8570
13831,50.67022,-120.22749,35,8604
13831,50.67009,-120.22766,36,8622
13831,50.66998,-120.22799,37,8648
13831,50.66994,-120.22843,38,8679
13831,50.66998,-120.22887,39,8710
13831,50.67043,-120.2304,40,8828
13831,50.67089,-120.23175,41,8936
13831,50.67109,-120.23217,42,8973
13831,50.67167,-120.233,43,9059
13831,50.67191,-120.23365,44,9111
13831,50.67221,-120.23522,45,9225
13831,50.67233,-120.2356,46,9257
13831,50.67252,-120.2374,47,9389
13831,50.6727,-120.23915,48,9514
13831,50.67278,-120.23954,49,9546
13831,50.67303,-120.24254,50,9763
13831,50.67313,-120.24301,51,9803
13831,50.67307,-120.24302,52,9809
13831,50.67326,-120.24491,53,9943
13831,50.67344,-120.24633,54,10049
13831,50.67343,-120.24671,55,10080
13831,50.67368,-120.2493,56,10265
13831,50.67439,-120.2525,57,10504
13831,50.67451,-120.25289,58,10538
13831,50.6749,-120.25486,59,10686
13831,50.67534,-120.2569,60,10838
13831,50.67552,-120.25755,61,10892
13831,50.67598,-120.25999,62,11075
13831,50.67628,-120.26166,63,11197
13831,50.67635,-120.26214,64,11231
13831,50.67661,-120.26195,65,11268
13831,50.67662,-120.26204,66,11274
13831,50.67768,-120.26163,67,11395
13831,50.67791,-120.26137,68,11432
13831,50.67793,-120.26149,69,11440
13831,50.67848,-120.2612,70,11504
13831,50.67866,-120.26117,71,11524
13831,50.6789,-120.26211,72,11599
13831,50.67918,-120.26376,73,11723
13831,50.67942,-120.26362,74,11751
13831,50.67954,-120.26367,75,11765
13831,50.67994,-120.26558,76,11904
13831,50.68015,-120.26668,77,11991
13831,50.6801,-120.2667,78,11997
13831,50.68025,-120.26807,79,12093
13831,50.67893,-120.26848,80,12242
13831,50.67868,-120.26856,81,12270
13831,50.67868,-120.27041,82,12399
13831,50.67869,-120.27087,83,12432
13831,50.67893,-120.27139,84,12480
13831,50.67902,-120.27183,85,12515
13831,50.67904,-120.2723,86,12548
13831,50.67787,-120.27233,87,12677
13831,50.67679,-120.27241,88,12798
13831,50.67563,-120.27238,89,12930
13831,50.67585,-120.27475,90,13103
13831,50.67583,-120.27497,91,13122
13831,50.67594,-120.27658,92,13234
13831,50.6761,-120.27889,93,13396
13831,50.67619,-120.28013,94,13483
13831,50.67591,-120.28249,95,13651
13831,50.67572,-120.2844,96,13790
13831,50.6755,-120.28595,97,13904
13831,50.67528,-120.28778,98,14034
13831,50.67519,-120.28889,99,14115
13831,50.67514,-120.28896,100,14124
13831,50.67506,-120.28956,101,14167
13831,50.67494,-120.28998,102,14199
13831,50.67425,-120.29106,103,14308
13831,50.67415,-120.29111,104,14322
13831,50.6733,-120.2919,105,14431
13831,50.67302,-120.29223,106,14469
13831,50.67255,-120.29303,107,14545
13831,50.67247,-120.29327,108,14564
13831,50.67233,-120.29484,109,14674
13831,50.67251,-120.29613,110,14772
13831,50.67248,-120.29636,111,14792
13831,50.67319,-120.29955,112,15028
13831,50.67332,-120.30225,113,15219
13831,50.67333,-120.30388,114,15333
13831,50.67323,-120.30556,115,15450
13831,50.67318,-120.30688,116,15548
13831,50.67313,-120.30698,117,15559
13831,50.67314,-120.30938,118,15727
13831,50.67319,-120.31083,119,15834
13831,50.67315,-120.31246,120,15953
13831,50.6732,-120.31285,121,15981
13831,50.67362,-120.31418,122,16084
13831,50.67425,-120.31583,123,16227
13831,50.67417,-120.3159,124,16237
13831,50.67475,-120.31776,125,16383
13831,50.67534,-120.3196,126,16527
13831,50.67588,-120.32129,127,16665
13831,50.67581,-120.3213,128,16673
13831,50.67582,-120.32349,129,16826
13831,50.67582,-120.32503,130,16934
13831,50.67583,-120.32714,131,17083
13831,50.67667,-120.32714,132,17174
13831,50.67677,-120.32708,133,17186
13831,50.67689,-120.32708,134,17198
13831,50.67692,-120.32691,135,17210
13831,50.67693,-120.32546,136,17312
13831,50.67692,-120.32536,137,17319
13831,50.67685,-120.32524,138,17330
13831,50.67676,-120.32526,139,17340
13831,50.67673,-120.32537,140,17347
13831,50.67676,-120.32578,141,17380
13832,50.70625,-120.42096,0,0
13832,50.70626,-120.42105,1,6
13832,50.70738,-120.4208,2,131
13832,50.7079,-120.42066,3,193
13832,50.7079,-120.42075,4,199
13832,50.70909,-120.42075,5,331
13832,50.70932,-120.42068,6,361
13832,50.70932,-120.42076,7,367
13832,50.71016,-120.42081,8,459
13832,50.71007,-120.41895,9,595
13832,50.71012,-120.41876,10,613
13832,50.71012,-120.41582,11,820
13832,50.70943,-120.4159,12,900
13832,50.70809,-120.41586,13,1052
13832,50.7079,-120.41585,14,1071
13832,50.70782,-120.41502,15,1137
13832,50.7079,-120.41502,16,1145
13832,50.70781,-120.41036,17,1478
13832,50.70785,-120.408,18,1649
13832,50.70783,-120.40613,19,1779
13832,50.70777,-120.40479,20,1877
13832,50.70782,-120.40479,21,1883
13832,50.70782,-120.40288,22,2015
13832,50.70775,-120.40152,23,2117
13832,50.70781,-120.40152,24,2124
13832,50.7078,-120.40002,25,2228
13832,50.70779,-120.39853,26,2331
13832,50.70778,-120.39756,27,2398
13832,50.7074,-120.39763,28,2444
13832,50.70572,-120.39758,29,2634
13832,50.70566,-120.39694,30,2684
13832,50.70571,-120.39694,31,2690
13832,50.7057,-120.39521,32,2811
13832,50.70614,-120.39295,33,2977
13832,50.70623,-120.39261,34,3008
13832,50.70628,-120.39268,35,3015
13832,50.70693,-120.39158,36,3120
13832,50.70709,-120.39135,37,3144
13832,50.70781,-120.3889,38,3339
13832,50.70793,-120.38869,39,3362
13832,50.70947,-120.38865,40,3532
13832,50.70953,-120.38865,41,3538
13832,50.70945,-120.388,42,3590
13832,50.70951,-120.388,43,3596
13832,50.70947,-120.38635,44,3712
13832,50.70943,-120.3846,45,3836
13832,50.70933,-120.38314,46,3944
13832,50.7094,-120.38314,47,3951
13832,50.70936,-120.38102,48,4099
13832,50.70927,-120.37946,49,4214
13832,50.70931,-120.37907,50,4245
13832,50.7093,-120.37875,51,4268
13832,50.70923,-120.37837,52,4295
13832,50.70889,-120.37728,53,4380
13832,50.70882,-120.37481,54,4551
13832,50.70872,-120.37396,55,4619
13832,50.7088,-120.37395,56,4627
13832,50.70876,-120.37253,57,4727
13832,50.70743,-120.37256,58,4873
13832,50.70651,-120.37264,59,4978
13832,50.70563,-120.3726,60,5079
13832,50.7043,-120.37263,61,5224
13832,50.70364,-120.3727,62,5300
13832,50.70249,-120.37267,63,5430
13832,50.70134,-120.37268,64,5556
13832,50.70007,-120.37267,65,5694
13832,50.69965,-120.37275,66,5745
13832,50.69965,-120.37266,67,5751
13832,50.69861,-120.37266,68,5867
13832,50.698,-120.3716,69,5971
13832,50.69747,-120.37052,70,6072
13832,50.69664,-120.36961,71,6184
13832,50.69652,-120.3695,72,6200
13832,50.69652,-120.36878,73,6254
13832,50.69659,-120.36819,74,6300
13832,50.69657,-120.36656,75,6414
13832,50.69648,-120.365,76,6528
13832,50.69653,-120.3649,77,6539
13832,50.69651,-120.36478,78,6548
13832,50.69579,-120.36299,79,6697
13832,50.69548,-120.36338,80,6744
13832,50.69467,-120.36417,81,6852
13832,50.69374,-120.36527,82,6985
13832,50.69359,-120.36533,83,7006
13832,50.69323,-120.36573,84,7054
13832,50.69264,-120.36441,85,7166
13832,50.69216,-120.3635,86,7254
13832,50.69221,-120.36344,87,7260
13832,50.6916,-120.36214,88,7371
13832,50.69106,-120.36088,89,7477
13832,50.69056,-120.35989,90,7571
13832,50.68997,-120.35841,91,7697
13832,50.68962,-120.35835,92,7740
13832,50.68869,-120.3579,93,7851
13832,50.6878,-120.35751,94,7953
13832,50.68717,-120.35699,95,8032
13832,50.68604,-120.35598,96,8178
13832,50.6854,-120.35556,97,8259
13832,50.68538,-120.35547,98,8267
13832,50.68499,-120.35489,99,8326
13832,50.68457,-120.35311,100,8457
13832,50.68457,-120.35242,101,8509
13832,50.68463,-120.35245,102,8515
13832,50.68482,-120.35103,103,8622
13832,50.68488,-120.35105,104,8628
13832,50.68506,-120.34966,105,8728
13832,50.68498,-120.3492,106,8761
13832,50.68487,-120.34885,107,8788
13832,50.68471,-120.34858,108,8813
13832,50.68453,-120.34839,109,8837
13832,50.68421,-120.34829,110,8872
13832,50.68401,-120.34829,111,8894
13832,50.68363,-120.3484,112,8936
13832,50.67963,-120.35147,113,9429
13832,50.67952,-120.35154,114,9442
13832,50.67926,-120.35158,115,9470
13832,50.67903,-120.3515,116,9496
13832,50.67877,-120.35124,117,9529
13832,50.67869,-120.35108,118,9542
13832,50.67858,-120.35065,119,9573
13832,50.67856,-120.35043,120,9588
13832,50.67865,-120.34868,121,9711
13832,50.67864,-120.34858,122,9718
13832,50.67861,-120.34845,123,9727
13832,50.67861,-120.34821,124,9744
13832,50.67801,-120.34633,125,9890
13832,50.67765,-120.34528,126,9978
13832,50.67768,-120.34522,127,9985
13832,50.67723,-120.34378,128,10096
13832,50.67716,-120.34362,129,10109
13832,50.67637,-120.34262,130,10217
13832,50.67612,-120.34217,131,10259
13832,50.67559,-120.33995,132,10424
13832,50.67525,-120.33848,133,10536
13832,50.67496,-120.33668,134,10670
13832,50.67491,-120.33544,135,10760
13832,50.67496,-120.33539,136,10768
13832,50.67495,-120.3331,137,10927
13832,50.6749,-120.3314,138,11051
13832,50.67495,-120.33133,139,11060
13832,50.67494,-120.32984,140,11163
13832,50.67493,-120.32715,141,11351
13832,50.6756,-120.32706,142,11430
13832,50.6756,-120.32715,143,11436
13832,50.67667,-120.32714,144,11552
13832,50.67677,-120.32708,145,11564
13832,50.67689,-120.32708,146,11576
13832,50.67692,-120.32691,147,11588
13832,50.67693,-120.32546,148,11690
13832,50.67692,-120.32536,149,11697
13832,50.67685,-120.32524,150,11708
13832,50.67676,-120.32526,151,11718
13832,50.67673,-120.32537,152,11725
13832,50.67676,-120.3266,153,11815
13833,50.71127,-120.38149,0,0
13833,50.74525,-120.35733,1,5200
13834,50.67685,-120.32626,0,0
13834,50.71127,-120.38149,1,7600
13840,50.67107,-120.36807,0,0
13840,50.67676,-120.32578,1,5700
13846,50.69778,-120.36016,0,0
13846,50.66118,-120.26281,1,15100
13853,50.67084,-120.36846,0,0
13853,50.67069,-120.36858,1,22
13853,50.67067,-120.36871,2,31
13853,50.67071,-120.36881,3,38
13853,50.67083,-120.3689,4,51
13853,50.67093,-120.36916,5,72
13853,50.67035,-120.36966,6,144
13853,50.66881,-120.37007,7,321
13853,50.6687,-120.37002,8,337
13853,50.66795,-120.37015,9,420
13853,50.66766,-120.3682,10,558
13853,50.66753,-120.36665,11,667
13853,50.66755,-120.3651,12,775
13853,50.6677,-120.36362,13,880
13853,50.66771,-120.36319,14,914
13853,50.66778,-120.36306,15,929
13853,50.66809,-120.36158,16,1039
13853,50.66834,-120.36012,17,1142
13853,50.66872,-120.35844,18,1267
13853,50.66872,-120.35795,19,1300
13853,50.66868,-120.35783,20,1309
13853,50.66859,-120.3577,21,1321
13853,50.66783,-120.35725,22,1414
13853,50.66786,-120.35717,23,1420
13853,50.66749,-120.35681,24,1466
13853,50.66726,-120.35647,25,1499
13853,50.66698,-120.35568,26,1561
13853,50.66695,-120.35412,27,1667
13853,50.66692,-120.35265,28,1770
13853,50.66671,-120.35181,29,1831
13853,50.6664,-120.35137,30,1884
13853,50.66646,-120.35129,31,1893
13853,50.66613,-120.35079,32,1942
13853,50.66508,-120.3499,33,2072
13853,50.6641,-120.34916,34,2192
13853,50.66315,-120.34846,35,2313
13853,50.6632,-120.34836,36,2321
13853,50.66299,-120.34814,37,2348
13853,50.66286,-120.34821,38,2362
13853,50.66281,-120.34829,39,2370
13853,50.66276,-120.34845,40,2382
13853,50.66284,-120.34996,41,2487
13853,50.66291,-120.35034,42,2514
13853,50.66325,-120.35126,43,2587
13853,50.66354,-120.35175,44,2638
13853,50.66348,-120.3518,45,2645
13853,50.66367,-120.35252,46,2698
13853,50.66372,-120.35399,47,2798
13853,50.66369,-120.35565,48,2915
13853,50.66363,-120.3559,49,2933
13853,50.66364,-120.35678,50,2999
13853,50.6636,-120.35686,51,3008
13853,50.66356,-120.35853,52,3125
13853,50.66359,-120.35956,53,3200
13853,50.66355,-120.3596,54,3207
13853,50.66352,-120.36131,55,3326
13853,50.66357,-120.36174,56,3362
13853,50.66351,-120.36174,57,3368
13853,50.66349,-120.36319,58,3469
13853,50.6635,-120.3649,59,3593
13853,50.66346,-120.36508,60,3609
13853,50.66342,-120.36682,61,3731
13853,50.66341,-120.36739,62,3771
13853,50.66345,-120.36762,63,3787
13853,50.66341,-120.36876,64,3866
13853,50.66337,-120.36892,65,3878
13853,50.6633,-120.36904,66,3888
13853,50.66326,-120.36933,67,3911
13853,50.66275,-120.37071,68,4024
13853,50.66197,-120.37007,69,4121
13853,50.66029,-120.36984,70,4309
13853,50.65905,-120.36964,71,4446
13853,50.65829,-120.36972,72,4529
13853,50.65776,-120.37007,73,4590
13853,50.65742,-120.37049,74,4635
13853,50.65673,-120.37211,75,4772
13853,50.65669,-120.3722,76,4779
13853,50.65659,-120.37224,77,4789
13853,50.65653,-120.37224,78,4795
13853,50.6564,-120.37216,79,4810
13853,50.65632,-120.37205,80,4822
13853,50.65616,-120.372,81,4839
13853,50.65534,-120.37237,82,4934
13853,50.65528,-120.37236,83,4942
13853,50.65518,-120.37244,84,4953
13853,50.65515,-120.37259,85,4964
13853,50.65516,-120.37285,86,4981
13853,50.6552,-120.373,87,4992
13853,50.65554,-120.37366,88,5050
13853,50.65511,-120.37425,89,5113
13853,50.65485,-120.37485,90,5162
13853,50.65468,-120.37564,91,5217
13853,50.65465,-120.37643,92,5272
13853,50.65478,-120.37734,93,5335
13853,50.6549,-120.37778,94,5368
13853,50.65482,-120.3779,95,5380
13853,50.65438,-120.37831,96,5439
13853,50.65418,-120.37839,97,5465
13853,50.65326,-120.37913,98,5577
13853,50.6524,-120.37978,99,5681
13853,50.65142,-120.38061,100,5802
13853,50.65133,-120.38058,101,5816
13853,50.65086,-120.38061,102,5865
13853,50.65048,-120.38042,103,5909
13853,50.64972,-120.3794,104,6019
13853,50.64959,-120.3793,105,6039
13853,50.64865,-120.37784,106,6189
13853,50.64815,-120.37721,107,6259
13853,50.64794,-120.37704,108,6285
13853,50.64733,-120.37614,109,6377
13853,50.64689,-120.37483,110,6481
13853,50.64677,-120.37456,111,6508
13853,50.64664,-120.37403,112,6552
13853,50.64588,-120.37237,113,6696
13853,50.64562,-120.37171,114,6756
13853,50.64565,-120.37162,115,6766
13853,50.64548,-120.37008,116,6876
13853,50.6454,-120.36965,117,6907
13853,50.64524,-120.36921,118,6942
13853,50.64483,-120.36856,119,7006
13853,50.64384,-120.36755,120,7137
13853,50.64307,-120.36688,121,7237
13853,50.64303,-120.36677,122,7249
13853,50.64288,-120.36666,123,7267
13853,50.64268,-120.36658,124,7290
13853,50.64218,-120.3666,125,7344
13853,50.64191,-120.36672,126,7375
13853,50.64146,-120.36717,127,7434
13853,50.64112,-120.36789,128,7497
13853,50.64078,-120.36915,129,7592
13853,50.64059,-120.3695,130,7625
13853,50.64032,-120.36972,131,7658
13853,50.63994,-120.36986,132,7706
13853,50.63995,-120.36976,133,7713
13853,50.63904,-120.36964,134,7814
13853,50.63888,-120.36972,135,7832
13853,50.63875,-120.36987,136,7849
13853,50.63868,-120.37003,137,7861
13853,50.63859,-120.3701,138,7871
13853,50.63849,-120.37006,139,7881
13853,50.63828,-120.3701,140,7902
13853,50.63783,-120.37045,141,7960
13854,50.65461,-120.07874,0,0
13854,50.65465,-120.07867,1,9
13854,50.65448,-120.07771,2,79
13854,50.65448,-120.07752,3,92
13854,50.65457,-120.07746,4,103
13854,50.65506,-120.07735,5,157
13854,50.65447,-120.0734,6,442
13854,50.65435,-120.073,7,473
13854,50.65317,-120.07109,8,659
13854,50.65292,-120.07015,9,731
13854,50.65286,-120.06965,10,766
13854,50.65291,-120.06806,11,878
13854,50.65321,-120.06798,12,911
13854,50.65407,-120.06713,13,1022
13854,50.65557,-120.07804,14,1808
13854,50.65758,-120.0911,15,2756
13854,50.65938,-120.1044,16,3717
13854,50.65973,-120.10759,17,3945
13854,50.65976,-120.11068,18,4163
13854,50.65947,-120.11484,19,4458
13854,50.65984,-120.11885,20,4744
13854,50.65955,-120.11905,21,4784
13854,50.65954,-120.11896,22,4790
13854,50.65859,-120.11929,23,4895
13854,50.65809,-120.11943,24,4951
13854,50.65799,-120.11956,25,4965
13854,50.65794,-120.11971,26,4977
13854,50.65792,-120.12,27,4997
13854,50.65866,-120.12247,28,5190
13854,50.65905,-120.12352,29,5278
13854,50.65903,-120.12363,30,5288
13854,50.65956,-120.1251,31,5407
13854,50.65963,-120.1253,32,5423
13854,50.66032,-120.12648,33,5536
13854,50.66117,-120.12753,34,5655
13854,50.66185,-120.12827,35,5750
13854,50.66229,-120.12924,36,5838
13854,50.66278,-120.1314,37,6000
13854,50.6631,-120.13271,38,6102
13854,50.66312,-120.13304,39,6129
13854,50.66355,-120.13528,40,6294
13854,50.66386,-120.13652,41,6390
13854,50.66424,-120.13834,42,6529
13854,50.6646,-120.13984,43,6642
13854,50.66539,-120.1435,44,6915
13854,50.66575,-120.14521,45,7047
13854,50.66569,-120.14524,46,7054
13854,50.66607,-120.14749,47,7217
13854,50.66609,-120.14822,48,7268
13854,50.66582,-120.15013,49,7404
13854,50.66575,-120.15094,50,7466
13854,50.66529,-120.15407,51,7697
13854,50.66504,-120.15592,52,7829
13854,50.66487,-120.15762,53,7954
13854,50.66466,-120.1587,54,8038
13854,50.66456,-120.1609,55,8193
13854,50.66469,-120.16301,56,8342
13854,50.66495,-120.16478,57,8476
13854,50.66489,-120.1648,58,8482
13854,50.66519,-120.16658,59,8612
13854,50.66588,-120.17075,60,8916
13854,50.66628,-120.17235,61,9037
13854,50.66693,-120.1736,62,9154
13854,50.66688,-120.17365,63,9160
13854,50.66782,-120.17569,64,9338
13854,50.66803,-120.17642,65,9396
13854,50.66801,-120.17656,66,9409
13854,50.66806,-120.17839,67,9538
13854,50.66808,-120.18048,68,9683
13854,50.66808,-120.18078,69,9704
13854,50.66806,-120.18095,70,9716
13854,50.66809,-120.18211,71,9800
13854,50.66803,-120.18252,72,9833
13854,50.66798,-120.1846,73,9980
13854,50.66797,-120.18634,74,10102
13854,50.66801,-120.18658,75,10119
13854,50.66805,-120.18668,76,10127
13854,50.6681,-120.18676,77,10135
13854,50.66818,-120.18681,78,10143
13854,50.66827,-120.1869,79,10152
13854,50.66829,-120.187,80,10159
13854,50.66828,-120.18711,81,10166
13854,50.66822,-120.18722,82,10176
13854,50.66807,-120.18724,83,10191
13854,50.66794,-120.18734,84,10207
13854,50.66787,-120.18737,85,10214
13854,50.66757,-120.18778,86,10263
13854,50.66732,-120.18795,87,10298
13854,50.66604,-120.1893,88,10467
13854,50.66575,-120.18946,89,10500
13854,50.66546,-120.1895,90,10532
13854,50.66517,-120.18939,91,10565
13854,50.6649,-120.18916,92,10599
13854,50.66468,-120.18883,93,10632
13854,50.66457,-120.18854,94,10656
13854,50.66435,-120.18713,95,10757
13854,50.66422,-120.18659,96,10798
13854,50.66399,-120.18606,97,10843
13854,50.66343,-120.18536,98,10922
13854,50.66267,-120.18502,99,11009
13854,50.66132,-120.18494,100,11159
13854,50.65981,-120.1852,101,11326
13854,50.65831,-120.18506,102,11492
13854,50.65793,-120.18498,103,11534
13854,50.6576,-120.1848,104,11573
13854,50.65712,-120.18436,105,11639
13854,50.65715,-120.18429,106,11645
13854,50.65593,-120.18284,107,11814
13854,50.6549,-120.18188,108,11945
13854,50.65469,-120.18178,109,11972
13854,50.65464,-120.18168,110,11983
13854,50.65343,-120.18079,111,12130
13854,50.65241,-120.17997,112,12256
13854,50.65117,-120.17966,113,12401
13854,50.65118,-120.17957,114,12407
13854,50.65095,-120.17952,115,12432
13854,50.65081,-120.17935,116,12452
13854,50.65068,-120.17898,117,12481
13854,50.65058,-120.17847,118,12518
13854,50.64994,-120.17743,119,12619
13854,50.6497,-120.17719,120,12650
13854,50.64973,-120.17699,121,12664
13854,50.64959,-120.17657,122,12702
13854,50.64955,-120.17619,123,12733
13854,50.64928,-120.17519,124,12810
13854,50.64931,-120.17448,125,12859
13854,50.64954,-120.17413,126,12899
13854,50.64957,-120.17421,127,12905
13854,50.64975,-120.17415,128,12924
13854,50.65102,-120.17424,129,13064
13854,50.65246,-120.17469,130,13231
13854,50.65278,-120.17487,131,13273
13854,50.65383,-120.17415,132,13400
13854,50.654,-120.17388,133,13426
13854,50.65409,-120.17346,134,13458
13854,50.65412,-120.17221,135,13546
13854,50.65407,-120.17182,136,13574
13854,50.65395,-120.17147,137,13601
13854,50.65321,-120.17024,138,13720
13854,50.65301,-120.16963,139,13773
13854,50.65185,-120.16476,140,14147
13854,50.65174,-120.16423,141,14188
13854,50.65074,-120.16272,142,14345
13854,50.6506,-120.16233,143,14380
13854,50.6498,-120.1633,144,14492
13854,50.64932,-120.16365,145,14550
13854,50.64918,-120.16403,146,14585
13854,50.6491,-120.1642,147,14603
13854,50.64903,-120.16539,148,14687
13854,50.64893,-120.16569,149,14710
13854,50.6488,-120.16592,150,14732
13854,50.64828,-120.16643,151,14801
13854,50.64719,-120.16718,152,14936
13854,50.64612,-120.16833,153,15078
13854,50.64581,-120.16861,154,15117
13854,50.64547,-120.16909,155,15167
13854,50.64562,-120.16985,156,15228
13854,50.64569,-120.17037,157,15270
13854,50.64593,-120.17107,158,15325
13854,50.64666,-120.17203,159,15430
13854,50.64788,-120.17463,160,15663
13854,50.64853,-120.176,161,15786
13854,50.64946,-120.17681,162,15910
13854,50.64942,-120.1769,163,15918
13854,50.65028,-120.17792,164,16036
13854,50.65058,-120.17847,165,16086
13854,50.65068,-120.17898,166,16123
13854,50.65079,-120.17909,167,16143
13854,50.65074,-120.17914,168,16150
13854,50.65081,-120.17935,169,16166
13854,50.65095,-120.17952,170,16186
13854,50.65232,-120.17994,171,16341
13854,50.65241,-120.17997,172,16351
13854,50.6534,-120.18078,173,16475
13854,50.65451,-120.18159,174,16608
13854,50.65511,-120.18194,175,16686
13854,50.65508,-120.18204,176,16694
13854,50.65588,-120.18277,177,16795
13854,50.65665,-120.18374,178,16904
13854,50.65736,-120.18439,179,17001
13854,50.65732,-120.18448,180,17008
13854,50.6576,-120.1848,181,17045
13854,50.65793,-120.18498,182,17084
13854,50.65941,-120.18523,183,17248
13854,50.66098,-120.18495,184,17423
13854,50.66267,-120.18502,185,17609
13854,50.66343,-120.18536,186,17696
13854,50.66399,-120.18606,187,17775
13854,50.66422,-120.18659,188,17820
13854,50.66457,-120.18854,189,17962
13854,50.66468,-120.18883,190,17986
13854,50.6649,-120.18916,191,18019
13854,50.66517,-120.18939,192,18053
13854,50.66546,-120.1895,193,18086
13854,50.66575,-120.18946,194,18118
13854,50.66604,-120.1893,195,18151
13854,50.66715,-120.18813,196,18299
13854,50.66774,-120.18739,197,18387
13854,50.66777,-120.18747,198,18393
13854,50.66787,-120.18737,199,18406
13854,50.668,-120.18709,200,18429
13854,50.66802,-120.18696,201,18438
13854,50.66795,-120.18642,202,18475
13854,50.66797,-120.18634,203,18481
13854,50.66798,-120.18464,204,18601
13854,50.66802,-120.18297,205,18718
13854,50.66833,-120.18298,206,18752
13854,50.6685,-120.18291,207,18772
13854,50.66898,-120.18233,208,18838
13854,50.66911,-120.18226,209,18853
13854,50.66967,-120.18234,210,18914
13854,50.66967,-120.18297,211,18962
13854,50.66932,-120.19203,212,19604
13854,50.66916,-120.19782,213,20013
13854,50.66933,-120.20051,214,20203
13854,50.66963,-120.20285,215,20372
13854,50.67105,-120.20911,216,20841
13854,50.67173,-120.21201,217,21058
13854,50.67195,-120.21332,218,21153
13854,50.67191,-120.2154,219,21300
13854,50.67113,-120.2195,220,21600
13854,50.67103,-120.22085,221,21695
13854,50.67113,-120.22218,222,21788
13854,50.67205,-120.22658,223,22114
13854,50.67195,-120.22668,224,22126
13854,50.67111,-120.22718,225,22228
13854,50.67105,-120.22716,226,22236
13854,50.67076,-120.22726,227,22268
13854,50.67074,-120.2274,228,22278
13854,50.6707,-120.22746,229,22284
13854,50.67064,-120.22748,230,22290
13854,50.67059,-120.22747,231,22296
13854,50.67051,-120.22735,232,22307
13854,50.67022,-120.22749,233,22341
13854,50.67009,-120.22766,234,22359
13854,50.66998,-120.22799,235,22385
13854,50.66994,-120.22843,236,22416
13854,50.66998,-120.22887,237,22447
13854,50.67043,-120.2304,238,22565
13854,50.67089,-120.23175,239,22673
13854,50.67109,-120.23217,240,22710
13854,50.67167,-120.233,241,22796
13854,50.67191,-120.23365,242,22848
13854,50.67221,-120.23522,243,22962
13854,50.67233,-120.2356,244,22994
13854,50.67252,-120.2374,245,23126
13854,50.6727,-120.23915,246,23251
13854,50.67278,-120.23954,247,23283
13854,50.67303,-120.24254,248,23500
13854,50.67313,-120.24301,249,23540
13854,50.67307,-120.24302,250,23546
13854,50.67326,-120.24491,251,23680
13854,50.67344,-120.24633,252,23786
13854,50.67343,-120.24671,253,23817
13854,50.67368,-120.2493,254,24002
13854,50.67439,-120.2525,255,24241
13854,50.67451,-120.25289,256,24275
13854,50.6749,-120.25486,257,24423
13854,50.67534,-120.2569,258,24575
13854,50.67552,-120.25755,259,24629
13854,50.67598,-120.25999,260,24812
13854,50.67628,-120.26166,261,24934
13854,50.67635,-120.26214,262,24968
13854,50.67661,-120.26195,263,25005
13854,50.67662,-120.26204,264,25011
13854,50.67768,-120.26163,265,25132
13854,50.67791,-120.26137,266,25169
13854,50.67793,-120.26149,267,25177
13854,50.67848,-120.2612,268,25241
13854,50.67866,-120.26117,269,25261
13854,50.6789,-120.26211,270,25336
13854,50.67918,-120.26376,271,25460
13854,50.67942,-120.26362,272,25488
13854,50.67954,-120.26367,273,25502
13854,50.67994,-120.26558,274,25641
13854,50.68015,-120.26668,275,25728
13854,50.6801,-120.2667,276,25734
13854,50.68025,-120.26807,277,25830
13854,50.67893,-120.26848,278,25979
13854,50.67868,-120.26856,279,26007
13854,50.67868,-120.27041,280,26136
13854,50.67869,-120.27087,281,26169
13854,50.67893,-120.27139,282,26217
13854,50.67902,-120.27183,283,26252
13854,50.67904,-120.2723,284,26285
13854,50.67787,-120.27233,285,26414
13854,50.67679,-120.27241,286,26535
13854,50.67563,-120.27238,287,26667
13854,50.67585,-120.27475,288,26840
13854,50.67583,-120.27497,289,26859
13854,50.67594,-120.27658,290,26971
13854,50.6761,-120.27889,291,27133
13854,50.67619,-120.28013,292,27220
13854,50.67591,-120.28249,293,27388
13854,50.67572,-120.2844,294,27527
13854,50.6755,-120.28595,295,27641
13854,50.67528,-120.28778,296,27771
13854,50.67519,-120.28889,297,27852
13854,50.67514,-120.28896,298,27861
13854,50.67506,-120.28956,299,27904
13854,50.67494,-120.28998,300,27936
13854,50.67425,-120.29106,301,28045
13854,50.67415,-120.29111,302,28059
13854,50.6733,-120.2919,303,28168
13854,50.67302,-120.29223,304,28206
13854,50.67255,-120.29303,305,28282
13854,50.67247,-120.29327,306,28301
13854,50.67233,-120.29484,307,28411
13854,50.67251,-120.29613,308,28509
13854,50.67248,-120.29636,309,28529
13854,50.67319,-120.29955,310,28765
13854,50.67332,-120.30225,311,28956
13854,50.67333,-120.30388,312,29070
13854,50.67323,-120.30556,313,29187
13854,50.67318,-120.30688,314,29285
13854,50.67313,-120.30698,315,29296
13854,50.67314,-120.30938,316,29464
13854,50.67319,-120.31083,317,29571
13854,50.67315,-120.31246,318,29690
13854,50.6732,-120.31285,319,29718
13854,50.67362,-120.31418,320,29821
13854,50.67425,-120.31583,321,29964
13854,50.67417,-120.3159,322,29974
13854,50.67475,-120.31776,323,30120
13854,50.67534,-120.3196,324,30264
13854,50.67588,-120.32129,325,30402
13854,50.67581,-120.3213,326,30410
13854,50.67582,-120.32349,327,30563
13854,50.67582,-120.32503,328,30671
13854,50.67583,-120.32714,329,30820
13854,50.67667,-120.32714,330,30911
13854,50.67677,-120.32708,331,30923
13854,50.67689,-120.32708,332,30935
13854,50.67692,-120.32691,333,30947
13854,50.67693,-120.32546,334,31049
13854,50.67692,-120.32536,335,31056
13854,50.67685,-120.32524,336,31067
13854,50.67676,-120.32526,337,31077
13854,50.67673,-120.32537,338,31084
13854,50.67676,-120.32578,339,31117
13855,50.71127,-120.38149,0,0
13855,50.67084,-120.36846,1,10300
13859,50.71127,-120.38149,0,0
13859,50.67096,-120.36826,1,10300
13860,50.77544,-120.3328,0,0
13860,50.7755,-120.3328,1,6
13860,50.77551,-120.33088,2,141
13860,50.77461,-120.33171,3,256
13860,50.7744,-120.332,4,291
13860,50.77364,-120.33264,5,391
13860,50.77254,-120.33378,6,537
13860,50.77272,-120.33412,7,574
13860,50.77265,-120.33417,8,582
13860,50.7727,-120.33435,9,595
13860,50.77273,-120.33871,10,902
13860,50.77167,-120.33948,11,1035
13860,50.77124,-120.33983,12,1091
13860,50.77081,-120.34005,13,1143
13860,50.77121,-120.34156,14,1258
13860,50.77132,-120.34199,15,1289
13860,50.7714,-120.34266,16,1336
13860,50.77096,-120.34308,17,1398
13860,50.76966,-120.34389,18,1555
13860,50.76925,-120.34422,19,1610
13860,50.76918,-120.3442,20,1620
13860,50.76832,-120.34476,21,1721
13860,50.76733,-120.34542,22,1837
13860,50.76676,-120.34589,23,1913
13860,50.76647,-120.34599,24,1950
13860,50.76561,-120.34656,25,2052
13860,50.76429,-120.34742,26,2210
13860,50.76327,-120.34819,27,2341
13860,50.76324,-120.34811,28,2347
13860,50.76235,-120.34872,29,2455
13860,50.76102,-120.34906,30,2607
13860,50.75997,-120.34901,31,2726
13860,50.75939,-120.3491,32,2796
13860,50.75939,-120.34901,33,2802
13860,50.75777,-120.34901,34,2982
13860,50.75742,-120.34909,35,3020
13860,50.75643,-120.34998,36,3150
13860,50.75551,-120.35076,37,3268
13860,50.75464,-120.35162,38,3382
13860,50.75371,-120.3525,39,3502
13860,50.7534,-120.35287,40,3548
13860,50.75327,-120.35293,41,3567
13860,50.75236,-120.3538,42,3684
13860,50.75131,-120.35481,43,3820
13860,50.75109,-120.35509,44,3854
13860,50.75012,-120.35597,45,3980
13860,50.74924,-120.35699,46,4101
13860,50.74845,-120.35796,47,4212
13860,50.74808,-120.35824,48,4257
13860,50.7471,-120.35851,49,4367
13860,50.74617,-120.35824,50,4472
13860,50.74499,-120.35745,51,4613
13860,50.74438,-120.35738,52,4683
13860,50.74229,-120.35717,53,4920
13860,50.74189,-120.35726,54,4965
13860,50.74116,-120.35773,55,5055
13860,50.73958,-120.35817,56,5235
13860,50.73737,-120.3585,57,5481
13860,50.73637,-120.35851,58,5594
13860,50.73534,-120.35829,59,5714
13860,50.73393,-120.35849,60,5869
13860,50.73114,-120.35909,61,6186
13860,50.72981,-120.3593,62,6337
13860,50.72886,-120.35922,63,6442
13860,50.72866,-120.35917,64,6467
13860,50.72767,-120.35852,65,6590
13860,50.72713,-120.35838,66,6650
13860,50.72605,-120.35851,67,6770
13860,50.72468,-120.35883,68,6922
13860,50.72405,-120.35907,69,6998
13860,50.7221,-120.35969,70,7222
13860,50.7209,-120.36008,71,7358
13860,50.71976,-120.35998,72,7486
13860,50.71878,-120.35966,73,7597
13860,50.71842,-120.35963,74,7639
13860,50.71826,-120.35954,75,7659
13860,50.71768,-120.3596,76,7723
13860,50.71706,-120.35995,77,7793
13860,50.71567,-120.36172,78,7990
13860,50.71498,-120.36269,79,8095
13860,50.71396,-120.36398,80,8243
13860,50.71353,-120.36455,81,8308
13860,50.7128,-120.36528,82,8408
13860,50.71201,-120.36603,83,8510
13860,50.71181,-120.36651,84,8549
13860,50.71057,-120.36577,85,8695
13860,50.71014,-120.3655,86,8746
13860,50.71004,-120.36538,87,8760
13860,50.70915,-120.36484,88,8866
13860,50.70879,-120.36468,89,8906
13860,50.70788,-120.36459,90,9007
13860,50.70697,-120.36449,91,9108
13860,50.7068,-120.3644,92,9129
13860,50.7057,-120.3642,93,9251
13860,50.70513,-120.36417,94,9317
13860,50.70367,-120.3639,95,9486
13860,50.70358,-120.36383,96,9499
13860,50.70217,-120.36365,97,9660
13860,50.70128,-120.36342,98,9763
13860,50.69993,-120.36322,99,9916
13860,50.69854,-120.36272,100,10074
13860,50.69823,-120.3625,101,10111
13860,50.69775,-120.36194,102,10176
13860,50.69783,-120.36178,103,10190
13860,50.69783,-120.36023,104,10296
13860,50.69783,-120.3598,105,10330
13860,50.6979,-120.35971,106,10342
13860,50.69801,-120.35914,107,10382
13860,50.69812,-120.35885,108,10404
13860,50.69829,-120.35862,109,10428
13860,50.6976,-120.35767,110,10528
13860,50.69706,-120.35721,111,10595
13860,50.69643,-120.35698,112,10673
13860,50.69646,-120.35686,113,10682
13860,50.69557,-120.35634,114,10787
13860,50.69498,-120.356,115,10856
13860,50.69433,-120.35603,116,10937
13860,50.69436,-120.35586,117,10949
13860,50.69377,-120.35559,118,11016
13860,50.69301,-120.35463,119,11123
13860,50.69253,-120.35426,120,11194
13860,50.69262,-120.35409,121,11209
13860,50.69193,-120.35312,122,11311
13860,50.69137,-120.35243,123,11393
13860,50.69002,-120.35075,124,11602
13860,50.69011,-120.35058,125,11617
13860,50.68934,-120.34951,126,11729
13860,50.68853,-120.34843,127,11847
13860,50.68754,-120.34772,128,11970
13860,50.68748,-120.34762,129,11981
13860,50.68646,-120.34727,130,12096
13860,50.68579,-120.34731,131,12172
13860,50.68564,-120.34726,132,12191
13860,50.68531,-120.34735,133,12227
13860,50.68519,-120.34749,134,12244
13860,50.68387,-120.34824,135,12398
13860,50.67963,-120.35147,136,12920
13860,50.67952,-120.35154,137,12933
13860,50.67926,-120.35158,138,12961
13860,50.67903,-120.3515,139,12987
13860,50.67877,-120.35124,140,13020
13860,50.67869,-120.35108,141,13033
13860,50.67858,-120.35065,142,13064
13860,50.67856,-120.35043,143,13079
13860,50.67865,-120.34868,144,13202
13860,50.67864,-120.34858,145,13209
13860,50.67861,-120.34845,146,13218
13860,50.67861,-120.34821,147,13235
13860,50.67801,-120.34633,148,13381
13860,50.67765,-120.34528,149,13469
13860,50.67768,-120.34522,150,13476
13860,50.67723,-120.34378,151,13587
13860,50.67716,-120.34362,152,13600
13860,50.67637,-120.34262,153,13708
13860,50.67612,-120.34217,154,13750
13860,50.67559,-120.33995,155,13915
13860,50.67525,-120.33848,156,14027
13860,50.67496,-120.33668,157,14161
13860,50.67491,-120.33544,158,14251
13860,50.67496,-120.33539,159,14259
13860,50.67495,-120.3331,160,14418
13860,50.6749,-120.3314,161,14542
13860,50.67495,-120.33133,162,14551
13860,50.67494,-120.32984,163,14654
13860,50.67493,-120.32715,164,14842
13860,50.6756,-120.32706,165,14921
13860,50.6756,-120.32715,166,14927
13860,50.67667,-120.32714,167,15043
13860,50.67677,-120.32708,168,15055
13860,50.67689,-120.32708,169,15067
13860,50.67692,-120.32691,170,15079
13860,50.67693,-120.32546,171,15181
13860,50.67692,-120.32536,172,15188
13860,50.67685,-120.32524,173,15199
13860,50.67676,-120.32526,174,15209
13860,50.67673,-120.32537,175,15216
13860,50.67676,-120.32633,176,15287
13861,50.65886,-120.23463,0,0
13861,50.65886,-120.23472,1,6
13861,50.65925,-120.23473,2,49
13861,50.65952,-120.23789,3,281
13861,50.65945,-120.2379,4,288
13861,50.65948,-120.23834,5,319
13861,50.65868,-120.23869,6,411
13861,50.6588,-120.23905,7,445
13861,50.65874,-120.23907,8,451
13861,50.65937,-120.24279,9,723
13861,50.65948,-120.24315,10,755
13861,50.65973,-120.24493,11,888
13861,50.65982,-120.24516,12,907
13861,50.66033,-120.24561,13,971
13861,50.66064,-120.2457,14,1010
13861,50.66082,-120.24593,15,1040
13861,50.66135,-120.24637,16,1105
13861,50.66146,-120.24659,17,1124
13861,50.66153,-120.24682,18,1142
13861,50.6618,-120.24845,19,1265
13861,50.66174,-120.24846,20,1271
13861,50.66207,-120.25354,21,1631
13861,50.66218,-120.25429,22,1691
13861,50.66212,-120.2543,23,1697
13861,50.66226,-120.2565,24,1852
13861,50.66223,-120.2568,25,1873
13861,50.66209,-120.2571,26,1899
13861,50.66194,-120.25727,27,1919
13861,50.66144,-120.25764,28,1985
13861,50.66139,-120.25758,29,1993
13861,50.66119,-120.25769,30,2016
13861,50.66103,-120.25788,31,2036
13861,50.66093,-120.25815,32,2058
13861,50.66089,-120.25847,33,2081
13861,50.66109,-120.2609,34,2256
13861,50.66107,-120.26109,35,2272
13861,50.66113,-120.262,36,2336
13861,50.66125,-120.26209,37,2350
13861,50.66487,-120.26192,38,2750
13861,50.66512,-120.26205,39,2779
13861,50.66532,-120.26225,40,2805
13861,50.6655,-120.26261,41,2837
13861,50.66558,-120.26302,42,2867
13861,50.66556,-120.26398,43,2935
13861,50.66564,-120.26443,44,2967
13861,50.66579,-120.26483,45,2999
13861,50.666,-120.26515,46,3031
13861,50.66728,-120.2662,47,3190
13861,50.66796,-120.26732,48,3299
13861,50.66877,-120.26833,49,3413
13861,50.66901,-120.2685,50,3442
13861,50.66931,-120.26861,51,3475
13861,50.66963,-120.26858,52,3511
13861,50.66991,-120.26841,53,3544
13861,50.67076,-120.26747,54,3659
13861,50.6711,-120.26722,55,3701
13861,50.67256,-120.26669,56,3867
13861,50.67277,-120.26651,57,3893
13861,50.67296,-120.26619,58,3923
13861,50.67305,-120.26577,59,3954
13861,50.67304,-120.26467,60,4031
13861,50.67312,-120.26437,61,4053
13861,50.67326,-120.26411,62,4076
13861,50.67345,-120.26391,63,4101
13861,50.67478,-120.26338,64,4251
13861,50.67543,-120.26252,65,4343
13861,50.67661,-120.26195,66,4485
13861,50.67662,-120.26204,67,4491
13861,50.67768,-120.26163,68,4612
13861,50.67791,-120.26137,69,4649
13861,50.67793,-120.26149,70,4657
13861,50.67848,-120.2612,71,4721
13861,50.67866,-120.26117,72,4741
13861,50.6789,-120.26211,73,4816
13861,50.67918,-120.26376,74,4940
13861,50.67942,-120.26362,75,4968
13861,50.67954,-120.26367,76,4982
13861,50.67994,-120.26558,77,5121
13861,50.68015,-120.26668,78,5208
13861,50.6801,-120.2667,79,5214
13861,50.68025,-120.26807,80,5310
13861,50.67893,-120.26848,81,5459
13861,50.67868,-120.26856,82,5487
13861,50.67868,-120.27041,83,5616
13861,50.67869,-120.27087,84,5649
13861,50.67893,-120.27139,85,5697
13861,50.67902,-120.27183,86,5732
13861,50.67904,-120.2723,87,5765
13861,50.67787,-120.27233,88,5894
13861,50.67679,-120.27241,89,6015
13861,50.67563,-120.27238,90,6147
13861,50.67585,-120.27475,91,6320
13861,50.67583,-120.27497,92,6339
13861,50.67594,-120.27658,93,6451
13861,50.6761,-120.27889,94,6613
13861,50.67619,-120.28013,95,6700
13861,50.67591,-120.28249,96,6868
13861,50.67572,-120.2844,97,7007
13861,50.6755,-120.28595,98,7121
13861,50.67528,-120.28778,99,7251
13861,50.67519,-120.28889,100,7332
13861,50.67514,-120.28896,101,7341
13861,50.67506,-120.28956,102,7384
13861,50.67494,-120.28998,103,7416
13861,50.67425,-120.29106,104,7525
13861,50.67415,-120.29111,105,7539
13861,50.6733,-120.2919,106,7648
13861,50.67302,-120.29223,107,7686
13861,50.67255,-120.29303,108,7762
13861,50.67247,-120.29327,109,7781
13861,50.67233,-120.29484,110,7891
13861,50.67251,-120.29613,111,7989
13861,50.67248,-120.29636,112,8009
13861,50.67319,-120.29955,113,8245
13861,50.67332,-120.30225,114,8436
13861,50.67333,-120.30388,115,8550
13861,50.67319,-120.30542,116,8658
13861,50.67305,-120.30596,117,8698
13861,50.67295,-120.30619,118,8716
13861,50.67286,-120.3063,119,8728
13861,50.67219,-120.30774,120,8855
13861,50.67142,-120.30918,121,8989
13861,50.67136,-120.30941,122,9006
13861,50.67138,-120.31037,123,9077
13861,50.67135,-120.31179,124,9181
13861,50.67139,-120.31222,125,9215
13861,50.67136,-120.31422,126,9360
13861,50.67136,-120.31663,127,9530
13861,50.67143,-120.31698,128,9561
13861,50.67137,-120.31698,129,9568
13861,50.67137,-120.31904,130,9713
13861,50.67138,-120.32146,131,9883
13861,50.67151,-120.32178,132,9920
13861,50.67138,-120.32178,133,9935
13861,50.67138,-120.3243,134,10113
13861,50.67142,-120.32466,135,10142
13861,50.67141,-120.32647,136,10273
13861,50.67143,-120.32862,137,10424
13861,50.67149,-120.33004,138,10529
13861,50.67144,-120.33004,139,10535
13861,50.67144,-120.33203,140,10673
13861,50.67146,-120.3336,141,10783
13861,50.67157,-120.33396,142,10821
13861,50.67146,-120.33397,143,10833
13861,50.67146,-120.33551,144,10941
13861,50.67146,-120.33857,145,11156
13861,50.67146,-120.34015,146,11266
13861,50.67164,-120.34202,147,11398
13861,50.67202,-120.34355,148,11513
13861,50.67254,-120.34485,149,11620
13861,50.67301,-120.34579,150,11708
13861,50.67357,-120.3472,151,11829
13861,50.67396,-120.3483,152,11917
13861,50.67404,-120.34903,153,11968
13861,50.67401,-120.34948,154,11999
13861,50.67377,-120.35052,155,12079
13861,50.67336,-120.35178,156,12181
13861,50.67289,-120.35297,157,12277
13861,50.67246,-120.35368,158,12347
13861,50.67166,-120.35433,159,12448
13861,50.6708,-120.35465,160,12545
13861,50.66996,-120.35462,161,12637
13861,50.66993,-120.35517,162,12674
13861,50.66988,-120.35538,163,12690
13861,50.66948,-120.35639,164,12775
13861,50.66942,-120.35646,165,12784
13861,50.66907,-120.35736,166,12856
13861,50.66859,-120.35949,167,13012
13861,50.66819,-120.36139,168,13152
13861,50.66811,-120.36151,169,13166
13861,50.66778,-120.36306,170,13281
13861,50.66764,-120.3641,171,13355
13861,50.66808,-120.36409,172,13410
13861,50.66806,-120.36421,173,13418
13861,50.669,-120.36444,174,13522
13861,50.66996,-120.36468,175,13628
13861,50.67014,-120.36494,176,13655
13861,50.67026,-120.36531,177,13685
13861,50.67023,-120.36552,178,13703
13861,50.67028,-120.36576,179,13720
13861,50.67038,-120.366,180,13740
13861,50.67052,-120.3662,181,13760
13861,50.67114,-120.36672,182,13837
13861,50.67126,-120.36707,183,13865
13861,50.6713,-120.36741,184,13888
13861,50.67122,-120.36778,185,13915
13861,50.67107,-120.36807,186,13944
13862,50.69783,-120.3598,0,0
13862,50.71127,-120.38149,1,3100
13863,50.71127,-120.38149,0,0
13863,50.69778,-120.36016,1,3100
13866,50.71127,-120.38149,0,0
13866,50.70625,-120.42096,1,3300
13872,50.71127,-120.38149,0,0
13872,50.65461,-120.07874,1,26200
13881,50.67685,-120.32592,0,0
13881,50.67084,-120.36846,1,5700
13889,50.71127,-120.38149,0,0
13889,50.67114,-120.3682,1,10300
13897,50.67676,-120.32606,0,0
13897,50.67673,-120.32698,1,69
13897,50.67667,-120.32714,2,82
13897,50.67667,-120.32959,3,254
13897,50.67667,-120.33115,4,363
13897,50.67667,-120.332,5,423
13897,50.67539,-120.33201,6,565
13897,50.6746,-120.33207,7,655
13897,50.67451,-120.33201,8,668
13897,50.67318,-120.33202,9,814
13897,50.6729,-120.33209,10,850
13897,50.67274,-120.33202,11,872
13897,50.67194,-120.33208,12,963
13897,50.67188,-120.33203,13,972
13897,50.67134,-120.33202,14,1030
13897,50.67133,-120.32979,15,1186
13897,50.67125,-120.32932,16,1226
13897,50.67133,-120.32932,17,1235
13897,50.67132,-120.32738,18,1370
13897,50.67138,-120.3243,19,1585
13897,50.67105,-120.32438,20,1627
13897,50.67095,-120.32431,21,1642
13897,50.66963,-120.32432,22,1788
13897,50.66942,-120.3244,23,1816
13897,50.66919,-120.32432,24,1846
13897,50.66772,-120.32435,25,2009
13897,50.66694,-120.32441,26,2099
13897,50.66685,-120.32435,27,2113
13897,50.66625,-120.32436,28,2180
13897,50.66611,-120.32448,29,2197
13897,50.66596,-120.32482,30,2225
13897,50.66596,-120.32728,31,2399
13897,50.66573,-120.32745,32,2431
13897,50.66555,-120.32746,33,2456
13897,50.66516,-120.32763,34,2500
13897,50.6649,-120.32765,35,2528
13897,50.66466,-120.32757,36,2554
13897,50.66447,-120.32734,37,2580
13897,50.66421,-120.32657,38,2646
13897,50.66428,-120.32655,39,2654
13897,50.66425,-120.32605,40,2689
13897,50.66442,-120.32385,41,2845
13897,50.66426,-120.32359,42,2880
13897,50.66441,-120.32358,43,2896
13897,50.66423,-120.32228,44,2987
13897,50.66423,-120.32036,45,3122
13897,50.66424,-120.3187,46,3240
13897,50.66448,-120.31802,47,3298
13897,50.66546,-120.31664,48,3444
13897,50.6656,-120.31624,49,3484
13897,50.66566,-120.31635,50,3494
13897,50.66725,-120.31424,51,3724
13897,50.66794,-120.31416,52,3806
13897,50.66794,-120.31424,53,3812
13897,50.66916,-120.31423,54,3946
13897,50.6696,-120.31424,55,3994
13897,50.66954,-120.31368,56,4038
13897,50.66959,-120.31181,57,4175
13897,50.66958,-120.3094,58,4345
13897,50.6699,-120.3093,59,4387
13897,50.6699,-120.30941,60,4394
13897,50.6709,-120.3094,61,4504
13897,50.67136,-120.30941,62,4554
13897,50.67138,-120.31037,63,4625
13897,50.67135,-120.31179,64,4729
13897,50.67139,-120.31222,65,4763
13897,50.67136,-120.31422,66,4908
13897,50.67176,-120.31413,67,4958
13897,50.67176,-120.31422,68,4964
13897,50.67269,-120.31421,69,5064
13897,50.67313,-120.31419,70,5113
13897,50.67317,-120.31466,71,5149
13897,50.67314,-120.31662,72,5290
13897,50.67315,-120.31903,73,5460
13897,50.67319,-120.31936,74,5487
13897,50.67316,-120.32145,75,5638
13897,50.67313,-120.3243,76,5839
13897,50.67291,-120.32436,77,5866
13897,50.67183,-120.32432,78,5988
13897,50.67138,-120.3243,79,6037
13897,50.67142,-120.32466,80,6066
13897,50.67141,-120.32647,81,6197
13897,50.67143,-120.32862,82,6348
13897,50.67149,-120.33004,83,6453
13897,50.67144,-120.33004,84,6459
13897,50.67144,-120.33203,85,6597
13897,50.67146,-120.3336,86,6707
13897,50.67157,-120.33396,87,6745
13897,50.67146,-120.33397,88,6757
13897,50.67146,-120.33445,89,6790
13897,50.67275,-120.33443,90,6930
13897,50.67356,-120.33432,91,7027
13897,50.67356,-120.33443,92,7034
13897,50.67451,-120.33443,93,7138
13897,50.67466,-120.33432,94,7160
13897,50.67466,-120.33442,95,7167
13897,50.67495,-120.33442,96,7199
13897,50.67495,-120.33211,97,7361
13897,50.6749,-120.3314,98,7416
13897,50.67495,-120.33133,99,7425
13897,50.67494,-120.32984,100,7528
13897,50.67493,-120.32715,101,7716
13897,50.67628,-120.32714,102,7863
13897,50.67667,-120.32714,103,7905
13897,50.67677,-120.32708,104,7917
13897,50.67689,-120.32708,105,7929
13897,50.67692,-120.32691,106,7941
13897,50.67693,-120.32546,107,8043
13897,50.67692,-120.32536,108,8050
13897,50.67685,-120.32524,109,8061
13897,50.67676,-120.32526,110,8071
13897,50.67673,-120.32537,111,8078
13897,50.67676,-120.32606,112,8130
13900,50.71127,-120.38149,0,0
13900,50.69783,-120.3598,1,3100
13904,50.71127,-120.38149,0,0
13904,50.66118,-120.26281,1,15600
13905,50.69788,-120.36004,0,0
13905,50.71127,-120.38149,1,3100
13909,50.69778,-120.36016,0,0
13909,50.71127,-120.38149,1,3100
13910,50.71127,-120.38149,0,0
13910,50.69778,-120.36016,1,3100
13913,50.69778,-120.36016,0,0
13913,50.67676,-120.32606,1,5200
13914,50.67676,-120.32578,0,0
13914,50.71127,-120.38149,1,7600
13915,50.71127,-120.38149,0,0
13915,50.70011,-120.39286,1,2500
13917,50.70625,-120.42096,0,0
13917,50.70626,-120.42105,1,6
13917,50.70738,-120.4208,2,131
13917,50.7079,-120.42066,3,193
13917,50.7079,-120.42075,4,199
13917,50.70909,-120.42075,5,331
13917,50.70932,-120.42068,6,361
13917,50.70932,-120.42076,7,367
13917,50.71016,-120.42081,8,459
13917,50.71007,-120.41895,9,595
13917,50.71012,-120.41876,10,613
13917,50.71012,-120.41582,11,820
13917,50.70943,-120.4159,12,900
13917,50.70809,-120.41586,13,1052
13917,50.7079,-120.41585,14,1071
13917,50.70782,-120.41502,15,1137
13917,50.7079,-120.41502,16,1145
13917,50.70781,-120.41036,17,1478
13917,50.70785,-120.408,18,1649
13917,50.70783,-120.40613,19,1779
13917,50.70777,-120.40479,20,1877
13917,50.70782,-120.40479,21,1883
13917,50.70782,-120.40288,22,2015
13917,50.70775,-120.40152,23,2117
13917,50.70781,-120.40152,24,2124
13917,50.7078,-120.40002,25,2228
13917,50.70779,-120.39853,26,2331
13917,50.70778,-120.39756,27,2398
13917,50.7074,-120.39763,28,2444
13917,50.70572,-120.39758,29,2634
13917,50.70566,-120.39694,30,2684
13917,50.70571,-120.39694,31,2690
13917,50.7057,-120.39521,32,2811
13917,50.70614,-120.39295,33,2977
13917,50.70623,-120.39261,34,3008
13917,50.70628,-120.39268,35,3015
13917,50.70693,-120.39158,36,3120
13917,50.70709,-120.39135,37,3144
13917,50.70781,-120.3889,38,3339
13917,50.70793,-120.38869,39,3362
13917,50.70947,-120.38865,40,3532
13917,50.70953,-120.38865,41,3538
13917,50.70945,-120.388,42,3590
13917,50.70951,-120.388,43,3596
13917,50.70947,-120.38635,44,3712
13917,50.70943,-120.3846,45,3836
13917,50.70933,-120.38314,46,3944
13917,50.7094,-120.38314,47,3951
13917,50.70936,-120.38102,48,4099
13917,50.70927,-120.37946,49,4214
13917,50.70931,-120.37907,50,4245
13917,50.7093,-120.37875,51,4268
13917,50.70923,-120.37837,52,4295
13917,50.70889,-120.37728,53,4380
13917,50.70882,-120.37481,54,4551
13917,50.70872,-120.37396,55,4619
13917,50.7088,-120.37395,56,4627
13917,50.70876,-120.37253,57,4727
13917,50.70743,-120.37256,58,4873
13917,50.70651,-120.37264,59,4978
13917,50.70563,-120.3726,60,5079
13917,50.7043,-120.37263,61,5224
13917,50.70364,-120.3727,62,5300
13917,50.70249,-120.37267,63,5430
13917,50.70134,-120.37268,64,5556
13917,50.70082,-120.37266,65,5612
13917,50.70062,-120.37166,66,5690
13917,50.70067,-120.37164,67,5696
13917,50.7004,-120.36985,68,5824
13917,50.70015,-120.36856,69,5923
13917,50.69979,-120.36593,70,6114
13917,50.69948,-120.36401,71,6252
13917,50.69935,-120.36368,72,6284
13917,50.69942,-120.36365,73,6291
13917,50.69911,-120.36157,74,6439
13917,50.69879,-120.3599,75,6560
13917,50.69829,-120.35862,76,6665
13917,50.69812,-120.35885,77,6689
13917,50.69801,-120.35914,78,6711
13917,50.69788,-120.36004,79,6777
13918,50.69783,-120.3598,0,0
13918,50.6979,-120.35971,1,12
13918,50.69801,-120.35914,2,52
13918,50.69812,-120.35885,3,74
13918,50.69829,-120.35862,4,98
13918,50.6976,-120.35767,5,198
13918,50.69706,-120.35721,6,265
13918,50.69643,-120.35698,7,343
13918,50.69646,-120.35686,8,352
13918,50.69557,-120.35634,9,457
13918,50.69498,-120.356,10,526
13918,50.69433,-120.35603,11,607
13918,50.69436,-120.35586,12,619
13918,50.69377,-120.35559,13,686
13918,50.69301,-120.35463,14,793
13918,50.69253,-120.35426,15,864
13918,50.69262,-120.35409,16,879
13918,50.69193,-120.35312,17,981
13918,50.69137,-120.35243,18,1063
13918,50.69002,-120.35075,19,1272
13918,50.69011,-120.35058,20,1287
13918,50.68934,-120.34951,21,1399
13918,50.68853,-120.34843,22,1517
13918,50.68754,-120.34772,23,1640
13918,50.68748,-120.34762,24,1651
13918,50.68646,-120.34727,25,1766
13918,50.68579,-120.34731,26,1842
13918,50.68564,-120.34726,27,1861
13918,50.68531,-120.34735,28,1897
13918,50.68519,-120.34749,29,1914
13918,50.68387,-120.34824,30,2068
13918,50.67963,-120.35147,31,2590
13918,50.67952,-120.35154,32,2603
13918,50.67926,-120.35158,33,2631
13918,50.67903,-120.3515,34,2657
13918,50.67877,-120.35124,35,2690
13918,50.67869,-120.35108,36,2703
13918,50.67858,-120.35065,37,2734
13918,50.67856,-120.35043,38,2749
13918,50.67865,-120.34868,39,2872
13918,50.67864,-120.34858,40,2879
13918,50.67861,-120.34845,41,2888
13918,50.67861,-120.34821,42,2905
13918,50.67801,-120.34633,43,3051
13918,50.67765,-120.34528,44,3139
13918,50.67768,-120.34522,45,3146
13918,50.67723,-120.34378,46,3257
13918,50.67716,-120.34362,47,3270
13918,50.67637,-120.34262,48,3378
13918,50.67612,-120.34217,49,3420
13918,50.67559,-120.33995,50,3585
13918,50.67525,-120.33848,51,3697
13918,50.67496,-120.33668,52,3831
13918,50.67491,-120.33544,53,3921
13918,50.67496,-120.33539,54,3929
13918,50.67495,-120.3331,55,4088
13918,50.6749,-120.3314,56,4212
13918,50.67495,-120.33133,57,4221
13918,50.67494,-120.32984,58,4324
13918,50.67493,-120.32715,59,4512
13918,50.6756,-120.32706,60,4591
13918,50.6756,-120.32715,61,4597
13918,50.67667,-120.32714,62,4713
13918,50.67677,-120.32708,63,4725
13918,50.67689,-120.32708,64,4737
13918,50.67692,-120.32691,65,4749
13918,50.67693,-120.32546,66,4851
13918,50.67692,-120.32536,67,4858
13918,50.67685,-120.32524,68,4869
13918,50.67676,-120.32526,69,4879
13918,50.67673,-120.32537,70,4886
13918,50.67676,-120.32633,71,4957
13919,50.65955,-120.11905,0,0
13919,50.65954,-120.11896,1,6
13919,50.65859,-120.11929,2,111
13919,50.65809,-120.11943,3,167
13919,50.65799,-120.11956,4,181
13919,50.65794,-120.11971,5,193
13919,50.65792,-120.12,6,213
13919,50.65866,-120.12247,7,406
13919,50.65905,-120.12352,8,494
13919,50.65903,-120.12363,9,504
13919,50.65956,-120.1251,10,623
13919,50.65963,-120.1253,11,639
13919,50.66032,-120.12648,12,752
13919,50.66117,-120.12753,13,871
13919,50.66185,-120.12827,14,966
13919,50.66229,-120.12924,15,1054
13919,50.66278,-120.1314,16,1216
13919,50.6631,-120.13271,17,1318
13919,50.66312,-120.13304,18,1345
13919,50.66355,-120.13528,19,1510
13919,50.66386,-120.13652,20,1606
13919,50.66424,-120.13834,21,1745
13919,50.6646,-120.13984,22,1858
13919,50.66539,-120.1435,23,2131
13919,50.66575,-120.14521,24,2263
13919,50.66569,-120.14524,25,2270
13919,50.66607,-120.14749,26,2433
13919,50.66609,-120.14822,27,2484
13919,50.66582,-120.15013,28,2620
13919,50.66575,-120.15094,29,2682
13919,50.66529,-120.15407,30,2913
13919,50.66504,-120.15592,31,3045
13919,50.66487,-120.15762,32,3170
13919,50.66466,-120.1587,33,3254
13919,50.66456,-120.1609,34,3409
13919,50.66469,-120.16301,35,3558
13919,50.66495,-120.16478,36,3692
13919,50.66489,-120.1648,37,3698
13919,50.66519,-120.16658,38,3828
13919,50.66588,-120.17075,39,4132
13919,50.66628,-120.17235,40,4253
13919,50.66693,-120.1736,41,4370
13919,50.66688,-120.17365,42,4376
13919,50.66782,-120.17569,43,4554
13919,50.66803,-120.17642,44,4612
13919,50.66801,-120.17656,45,4625
13919,50.66806,-120.17839,46,4754
13919,50.66808,-120.18048,47,4899
13919,50.66808,-120.18078,48,4920
13919,50.66806,-120.18095,49,4932
13919,50.66809,-120.18211,50,5016
13919,50.66803,-120.18252,51,5049
13919,50.66798,-120.1846,52,5196
13919,50.66797,-120.18634,53,5318
13919,50.66801,-120.18658,54,5335
13919,50.66805,-120.18668,55,5343
13919,50.6681,-120.18676,56,5351
13919,50.66818,-120.18681,57,5359
13919,50.66827,-120.1869,58,5368
13919,50.66829,-120.187,59,5375
13919,50.66828,-120.18711,60,5382
13919,50.66822,-120.18722,61,5392
13919,50.66807,-120.18724,62,5407
13919,50.66794,-120.18734,63,5423
13919,50.66787,-120.18737,64,5430
13919,50.66757,-120.18778,65,5479
13919,50.66732,-120.18795,66,5514
13919,50.66604,-120.1893,67,5683
13919,50.66575,-120.18946,68,5716
13919,50.66546,-120.1895,69,5748
13919,50.66517,-120.18939,70,5781
13919,50.6649,-120.18916,71,5815
13919,50.66468,-120.18883,72,5848
13919,50.66457,-120.18854,73,5872
13919,50.66435,-120.18713,74,5973
13919,50.66422,-120.18659,75,6014
13919,50.66399,-120.18606,76,6059
13919,50.66343,-120.18536,77,6138
13919,50.66267,-120.18502,78,6225
13919,50.66132,-120.18494,79,6375
13919,50.65981,-120.1852,80,6542
13919,50.65831,-120.18506,81,6708
13919,50.65793,-120.18498,82,6750
13919,50.6576,-120.1848,83,6789
13919,50.65712,-120.18436,84,6855
13919,50.65715,-120.18429,85,6861
13919,50.65593,-120.18284,86,7030
13919,50.6549,-120.18188,87,7161
13919,50.65469,-120.18178,88,7188
13919,50.65464,-120.18168,89,7199
13919,50.65343,-120.18079,90,7346
13919,50.65241,-120.17997,91,7472
13919,50.65117,-120.17966,92,7617
13919,50.65118,-120.17957,93,7623
13919,50.65095,-120.17952,94,7648
13919,50.65081,-120.17935,95,7668
13919,50.65068,-120.17898,96,7697
13919,50.65058,-120.17847,97,7734
13919,50.64994,-120.17743,98,7835
13919,50.6497,-120.17719,99,7866
13919,50.64973,-120.17699,100,7880
13919,50.64959,-120.17657,101,7918
13919,50.64955,-120.17619,102,7949
13919,50.64928,-120.17519,103,8026
13919,50.64931,-120.17448,104,8075
13919,50.64954,-120.17413,105,8115
13919,50.64957,-120.17421,106,8121
13919,50.64975,-120.17415,107,8140
13919,50.65102,-120.17424,108,8280
13919,50.65246,-120.17469,109,8447
13919,50.65278,-120.17487,110,8489
13919,50.65383,-120.17415,111,8616
13919,50.654,-120.17388,112,8642
13919,50.65409,-120.17346,113,8674
13919,50.65412,-120.17221,114,8762
13919,50.65407,-120.17182,115,8790
13919,50.65395,-120.17147,116,8817
13919,50.65321,-120.17024,117,8936
13919,50.65301,-120.16963,118,8989
13919,50.65185,-120.16476,119,9363
13919,50.65174,-120.16423,120,9404
13919,50.65074,-120.16272,121,9561
13919,50.6506,-120.16233,122,9596
13919,50.6498,-120.1633,123,9708
13919,50.64932,-120.16365,124,9766
13919,50.64918,-120.16403,125,9801
13919,50.6491,-120.1642,126,9819
13919,50.64903,-120.16539,127,9903
13919,50.64893,-120.16569,128,9926
13919,50.6488,-120.16592,129,9948
13919,50.64828,-120.16643,130,10017
13919,50.64719,-120.16718,131,10152
13919,50.64612,-120.16833,132,10294
13919,50.64581,-120.16861,133,10333
13919,50.64547,-120.16909,134,10383
13919,50.64562,-120.16985,135,10444
13919,50.64569,-120.17037,136,10486
13919,50.64593,-120.17107,137,10541
13919,50.64666,-120.17203,138,10646
13919,50.64788,-120.17463,139,10879
13919,50.64853,-120.176,140,11002
13919,50.64946,-120.17681,141,11126
13919,50.64942,-120.1769,142,11134
13919,50.65028,-120.17792,143,11252
13919,50.65058,-120.17847,144,11302
13919,50.65068,-120.17898,145,11339
13919,50.65079,-120.17909,146,11359
13919,50.65074,-120.17914,147,11366
13919,50.65081,-120.17935,148,11382
13919,50.65095,-120.17952,149,11402
13919,50.65232,-120.17994,150,11557
13919,50.65241,-120.17997,151,11567
13919,50.6534,-120.18078,152,11691
13919,50.65451,-120.18159,153,11824
13919,50.65511,-120.18194,154,11902
13919,50.65508,-120.18204,155,11910
13919,50.65588,-120.18277,156,12011
13919,50.65665,-120.18374,157,12120
13919,50.65736,-120.18439,158,12217
13919,50.65732,-120.18448,159,12224
13919,50.6576,-120.1848,160,12261
13919,50.65793,-120.18498,161,12300
13919,50.65941,-120.18523,162,12464
13919,50.66098,-120.18495,163,12639
13919,50.66267,-120.18502,164,12825
13919,50.66343,-120.18536,165,12912
13919,50.66399,-120.18606,166,12991
13919,50.66422,-120.18659,167,13036
13919,50.66457,-120.18854,168,13178
13919,50.66468,-120.18883,169,13202
13919,50.6649,-120.18916,170,13235
13919,50.66517,-120.18939,171,13269
13919,50.66546,-120.1895,172,13302
13919,50.66575,-120.18946,173,13334
13919,50.66604,-120.1893,174,13367
13919,50.66715,-120.18813,175,13515
13919,50.66774,-120.18739,176,13603
13919,50.66777,-120.18747,177,13609
13919,50.66787,-120.18737,178,13622
13919,50.668,-120.18709,179,13645
13919,50.66802,-120.18696,180,13654
13919,50.66795,-120.18642,181,13691
13919,50.66797,-120.18634,182,13697
13919,50.66798,-120.18464,183,13817
13919,50.66802,-120.18297,184,13934
13919,50.66833,-120.18298,185,13968
13919,50.6685,-120.18291,186,13988
13919,50.66898,-120.18233,187,14054
13919,50.66911,-120.18226,188,14069
13919,50.66967,-120.18234,189,14130
13919,50.66967,-120.18297,190,14178
13919,50.66932,-120.19203,191,14820
13919,50.66916,-120.19782,192,15229
13919,50.66933,-120.20051,193,15419
13919,50.66963,-120.20285,194,15588
13919,50.67105,-120.20911,195,16057
13919,50.67173,-120.21201,196,16274
13919,50.67195,-120.21332,197,16369
13919,50.67191,-120.2154,198,16516
13919,50.67113,-120.2195,199,16816
13919,50.67103,-120.22085,200,16911
13919,50.67113,-120.22218,201,17004
13919,50.67205,-120.22658,202,17330
13919,50.67195,-120.22668,203,17342
13919,50.67111,-120.22718,204,17444
13919,50.67105,-120.22716,205,17452
13919,50.67076,-120.22726,206,17484
13919,50.67074,-120.2274,207,17494
13919,50.6707,-120.22746,208,17500
13919,50.67064,-120.22748,209,17506
13919,50.67059,-120.22747,210,17512
13919,50.67051,-120.22735,211,17523
13919,50.67022,-120.22749,212,17557
13919,50.67009,-120.22766,213,17575
13919,50.66998,-120.22799,214,17601
13919,50.66994,-120.22843,215,17632
13919,50.66998,-120.22887,216,17663
13919,50.67043,-120.2304,217,17781
13919,50.67089,-120.23175,218,17889
13919,50.67109,-120.23217,219,17926
13919,50.67167,-120.233,220,18012
13919,50.67191,-120.23365,221,18064
13919,50.67221,-120.23522,222,18178
13919,50.67233,-120.2356,223,18210
13919,50.67252,-120.2374,224,18342
13919,50.6727,-120.23915,225,18467
13919,50.67278,-120.23954,226,18499
13919,50.67303,-120.24254,227,18716
13919,50.67313,-120.24301,228,18756
13919,50.67307,-120.24302,229,18762
13919,50.67326,-120.24491,230,18896
13919,50.67344,-120.24633,231,19002
13919,50.67343,-120.24671,232,19033
13919,50.67368,-120.2493,233,19218
13919,50.67439,-120.2525,234,19457
13919,50.67451,-120.25289,235,19491
13919,50.6749,-120.25486,236,19639
13919,50.67534,-120.2569,237,19791
13919,50.67552,-120.25755,238,19845
13919,50.67598,-120.25999,239,20028
13919,50.67628,-120.26166,240,20150
13919,50.67635,-120.26214,241,20184
13919,50.67661,-120.26195,242,20221
13919,50.67662,-120.26204,243,20227
13919,50.67768,-120.26163,244,20348
13919,50.67791,-120.26137,245,20385
13919,50.67793,-120.26149,246,20393
13919,50.67848,-120.2612,247,20457
13919,50.67866,-120.26117,248,20477
13919,50.6789,-120.26211,249,20552
13919,50.67918,-120.26376,250,20676
13919,50.67942,-120.26362,251,20704
13919,50.67954,-120.26367,252,20718
13919,50.67994,-120.26558,253,20857
13919,50.68015,-120.26668,254,20944
13919,50.6801,-120.2667,255,20950
13919,50.68025,-120.26807,256,21046
13919,50.67893,-120.26848,257,21195
13919,50.67868,-120.26856,258,21223
13919,50.67868,-120.27041,259,21352
13919,50.67869,-120.27087,260,21385
13919,50.67893,-120.27139,261,21433
13919,50.67902,-120.27183,262,21468
13919,50.67904,-120.2723,263,21501
13919,50.67787,-120.27233,264,21630
13919,50.67679,-120.27241,265,21751
13919,50.67563,-120.27238,266,21883
13919,50.67585,-120.27475,267,22056
13919,50.67583,-120.27497,268,22075
13919,50.67594,-120.27658,269,22187
13919,50.6761,-120.27889,270,22349
13919,50.67619,-120.28013,271,22436
13919,50.67591,-120.28249,272,22604
13919,50.67572,-120.2844,273,22743
13919,50.6755,-120.28595,274,22857
13919,50.67528,-120.28778,275,22987
13919,50.67519,-120.28889,276,23068
13919,50.67514,-120.28896,277,23077
13919,50.67506,-120.28956,278,23120
13919,50.67494,-120.28998,279,23152
13919,50.67425,-120.29106,280,23261
13919,50.67415,-120.29111,281,23275
13919,50.6733,-120.2919,282,23384
13919,50.67302,-120.29223,283,23422
13919,50.67255,-120.29303,284,23498
13919,50.67247,-120.29327,285,23517
13919,50.67233,-120.29484,286,23627
13919,50.67251,-120.29613,287,23725
13919,50.67248,-120.29636,288,23745
13919,50.67319,-120.29955,289,23981
13919,50.67332,-120.30225,290,24172
13919,50.67333,-120.30388,291,24286
13919,50.67323,-120.30556,292,24403
13919,50.67318,-120.30688,293,24501
13919,50.67313,-120.30698,294,24512
13919,50.67314,-120.30938,295,24680
13919,50.67319,-120.31083,296,24787
13919,50.67315,-120.31246,297,24906
13919,50.6732,-120.31285,298,24934
13919,50.67362,-120.31418,299,25037
13919,50.67425,-120.31583,300,25180
13919,50.67417,-120.3159,301,25190
13919,50.67475,-120.31776,302,25336
13919,50.67534,-120.3196,303,25480
13919,50.67588,-120.32129,304,25618
13919,50.67581,-120.3213,305,25626
13919,50.67582,-120.32349,306,25779
13919,50.67582,-120.32503,307,25887
13919,50.67583,-120.32714,308,26036
13919,50.67667,-120.32714,309,26127
13919,50.67677,-120.32708,310,26139
13919,50.67689,-120.32708,311,26151
13919,50.67692,-120.32691,312,26163
13919,50.67693,-120.32546,313,26265
13919,50.67692,-120.32536,314,26272
13919,50.67685,-120.32524,315,26283
13919,50.67676,-120.32526,316,26293
13919,50.67673,-120.32537,317,26300
13919,50.67676,-120.32578,318,26333
13922,50.71127,-120.38149,0,0
13922,50.67685,-120.32626,1,7600
13925,50.67676,-120.32633,0,0
13925,50.71127,-120.38149,1,7600
13931,50.67685,-120.32592,0,0
13931,50.71127,-120.38149,1,7600
13932,50.67084,-120.36846,0,0
13932,50.71127,-120.38149,1,10300
13934,50.69778,-120.36016,0,0
13934,50.67676,-120.32578,1,5200
13935,50.67676,-120.32578,0,0
13935,50.71127,-120.38149,1,7600
13944,50.71127,-120.38149,0,0
13944,50.67676,-120.3269,1,7600
13946,50.67676,-120.32606,0,0
13946,50.69778,-120.36016,1,5200
13949,50.63784,-120.34965,0,0
13949,50.6379,-120.34962,1,6
13949,50.63789,-120.34953,2,12
13949,50.63777,-120.34914,3,41
13949,50.63759,-120.34885,4,69
13949,50.63742,-120.34871,5,91
13949,50.63707,-120.34872,6,132
13949,50.63689,-120.34872,7,154
13949,50.63675,-120.34886,8,173
13949,50.63722,-120.35011,9,276
13949,50.63745,-120.35188,10,402
13949,50.63749,-120.35316,11,497
13949,50.63743,-120.35315,12,503
13949,50.63755,-120.35459,13,604
13949,50.63778,-120.35602,14,708
13949,50.63788,-120.35631,15,735
13949,50.63827,-120.35906,16,939
13949,50.63862,-120.35882,17,986
13949,50.63863,-120.35891,18,992
13949,50.63878,-120.35884,19,1009
13949,50.6402,-120.3591,20,1174
13949,50.64018,-120.35921,21,1182
13949,50.64154,-120.3598,22,1337
13949,50.64199,-120.36006,23,1389
13949,50.64228,-120.36039,24,1428
13949,50.64245,-120.3607,25,1457
13949,50.64261,-120.36113,26,1492
13949,50.64291,-120.36269,27,1606
13949,50.64304,-120.36347,28,1662
13949,50.64328,-120.36389,29,1707
13949,50.64322,-120.36394,30,1714
13949,50.64332,-120.36421,31,1735
13949,50.64348,-120.36447,32,1760
13949,50.64382,-120.36477,33,1802
13949,50.64423,-120.3649,34,1848
13949,50.64479,-120.36525,35,1918
13949,50.64497,-120.36549,36,1949
13949,50.64522,-120.36563,37,1978
13949,50.64604,-120.36582,38,2069
13949,50.6462,-120.36595,39,2089
13949,50.64637,-120.36616,40,2113
13949,50.6465,-120.36642,41,2135
13949,50.64679,-120.36745,42,2216
13949,50.64678,-120.36762,43,2231
13949,50.64711,-120.36894,44,2331
13949,50.64754,-120.37098,45,2482
13949,50.64762,-120.37122,46,2501
13949,50.64782,-120.37134,47,2531
13949,50.64778,-120.37143,48,2538
13949,50.64797,-120.3716,49,2561
13949,50.6481,-120.3694,50,2717
13949,50.64802,-120.36754,51,2853
13949,50.64811,-120.36647,52,2932
13949,50.6482,-120.36617,53,2955
13949,50.64835,-120.36594,54,2978
13949,50.64861,-120.36572,55,3011
13949,50.64871,-120.36572,56,3021
13949,50.64881,-120.36688,57,3109
13949,50.64875,-120.36688,58,3115
13949,50.6488,-120.36842,59,3222
13949,50.64885,-120.37016,60,3344
13949,50.64894,-120.37078,61,3387
13949,50.64952,-120.37237,62,3516
13949,50.64983,-120.37297,63,3574
13949,50.64984,-120.37313,64,3588
13949,50.65046,-120.37447,65,3704
13949,50.65121,-120.37558,66,3816
13949,50.65133,-120.37581,67,3837
13949,50.65153,-120.37552,68,3867
13949,50.65169,-120.37501,69,3906
13949,50.65167,-120.37468,70,3933
13949,50.65173,-120.37466,71,3940
13949,50.65172,-120.37424,72,3969
13949,50.65137,-120.37233,73,4113
13949,50.65134,-120.37176,74,4158
13949,50.6513,-120.37155,75,4173
13949,50.65125,-120.36983,76,4292
13949,50.65131,-120.36876,77,4367
13949,50.65147,-120.36804,78,4425
13949,50.65153,-120.36811,79,4433
13949,50.65158,-120.36799,80,4442
13949,50.65234,-120.36708,81,4544
13949,50.65279,-120.36787,82,4618
13949,50.65307,-120.36817,83,4654
13949,50.65402,-120.36869,84,4762
13949,50.65471,-120.36894,85,4839
13949,50.65568,-120.36883,86,4952
13949,50.65568,-120.36894,87,4959
13949,50.65642,-120.369,88,5040
13949,50.65678,-120.36919,89,5080
13949,50.65746,-120.36988,90,5168
13949,50.65753,-120.36991,91,5176
13949,50.65848,-120.36949,92,5284
13949,50.65979,-120.36966,93,5427
13949,50.6608,-120.36978,94,5539
13949,50.66114,-120.36969,95,5583
13949,50.66114,-120.36978,96,5589
13949,50.66181,-120.36983,97,5661
13949,50.6627,-120.37048,98,5769
13949,50.66367,-120.3713,99,5890
13949,50.66422,-120.37172,100,5962
13949,50.66418,-120.3718,101,5969
13949,50.66486,-120.37257,102,6060
13949,50.66507,-120.37267,103,6083
13949,50.66521,-120.37269,104,6097
13949,50.66541,-120.37265,105,6118
13949,50.66565,-120.37249,106,6145
13949,50.66581,-120.37227,107,6167
13949,50.66628,-120.37099,108,6269
13949,50.66645,-120.37062,109,6300
13949,50.66667,-120.37035,110,6330
13949,50.66711,-120.37012,111,6379
13949,50.66833,-120.36992,112,6511
13949,50.66883,-120.36973,113,6572
13949,50.66883,-120.36982,114,6578
13949,50.67006,-120.36959,115,6715
13949,50.67063,-120.36926,116,6782
13949,50.67111,-120.36872,117,6847
13949,50.67111,-120.36863,118,6853
13949,50.67109,-120.3685,119,6862
13949,50.67124,-120.36804,120,6911
13949,50.67132,-120.36804,121,6919
13949,50.67132,-120.36793,122,6926
13949,50.67122,-120.36778,123,6939
13949,50.6713,-120.36741,124,6966
13949,50.67126,-120.36707,125,6989
13949,50.67114,-120.36672,126,7017
13949,50.67052,-120.3662,127,7094
13949,50.67038,-120.366,128,7114
13949,50.67028,-120.36576,129,7134
13949,50.67023,-120.36552,130,7151
13949,50.67022,-120.36527,131,7168
13949,50.67012,-120.36506,132,7190
13949,50.67015,-120.36499,133,7198
13949,50.66996,-120.36468,134,7228
13949,50.669,-120.36444,135,7334
13949,50.66764,-120.3641,136,7486
13949,50.66771,-120.36319,137,7554
13949,50.66778,-120.36306,138,7569
13949,50.66809,-120.36158,139,7679
13949,50.66834,-120.36012,140,7782
13949,50.66872,-120.35844,141,7907
13949,50.66908,-120.35696,142,8016
13949,50.66919,-120.35653,143,8052
13949,50.66924,-120.35659,144,8058
13949,50.66979,-120.35534,145,8165
13949,50.66985,-120.35514,146,8179
13949,50.66987,-120.35494,147,8193
13949,50.66986,-120.35461,148,8215
13949,50.66991,-120.35441,149,8229
13949,50.67097,-120.35443,150,8345
13949,50.67162,-120.35417,151,8418
13949,50.67222,-120.35369,152,8492
13949,50.67243,-120.35329,153,8535
13949,50.67248,-120.35338,154,8542
13949,50.67314,-120.3521,155,8655
13949,50.67354,-120.35077,156,8757
13949,50.67389,-120.34943,157,8858
13949,50.67402,-120.34938,158,8873
13949,50.67411,-120.34943,159,8882
13949,50.67415,-120.34951,160,8888
13949,50.67419,-120.34967,161,8899
13949,50.67419,-120.34984,162,8910
13949,50.67425,-120.35019,163,8935
13949,50.67476,-120.35147,164,9041
13949,50.67474,-120.35156,165,9049
13949,50.67496,-120.35216,166,9097
13949,50.67502,-120.35245,167,9117
13949,50.67504,-120.3544,168,9254
13949,50.67507,-120.35505,169,9303
13949,50.67502,-120.35671,170,9424
13949,50.67572,-120.35604,171,9519
13949,50.67574,-120.35614,172,9526
13949,50.67608,-120.35602,173,9565
13949,50.67749,-120.35603,174,9721
13949,50.67741,-120.35551,175,9766
13949,50.67749,-120.35551,176,9774
13949,50.67749,-120.35427,177,9861
13949,50.67767,-120.3537,178,9905
13949,50.67708,-120.3525,179,10012
13949,50.67673,-120.35181,180,10078
13949,50.67674,-120.35167,181,10091
13949,50.67658,-120.3501,182,10203
13949,50.67644,-120.34938,183,10256
13949,50.67611,-120.34898,184,10307
13949,50.67603,-120.34881,185,10326
13949,50.67563,-120.34845,186,10377
13949,50.67562,-120.34781,187,10421
13949,50.67558,-120.3476,188,10435
13949,50.6747,-120.34618,189,10572
13949,50.67447,-120.34576,190,10611
13949,50.67437,-120.3454,191,10638
13949,50.67431,-120.34392,192,10740
13949,50.67429,-120.34267,193,10826
13949,50.67403,-120.34154,194,10913
13949,50.67409,-120.34152,195,10919
13949,50.67361,-120.33896,196,11106
13949,50.67346,-120.33853,197,11145
13949,50.67352,-120.33851,198,11151
13949,50.67321,-120.33682,199,11275
13949,50.67319,-120.33488,200,11409
13949,50.67319,-120.33443,201,11440
13949,50.67356,-120.33432,202,11488
13949,50.67356,-120.33443,203,11495
13949,50.67451,-120.33443,204,11599
13949,50.67466,-120.33432,205,11621
13949,50.67466,-120.33442,206,11628
13949,50.67495,-120.33442,207,11660
13949,50.67495,-120.33211,208,11822
13949,50.6749,-120.3314,209,11877
13949,50.67495,-120.33133,210,11886
13949,50.67494,-120.32984,211,11989
13949,50.67493,-120.32715,212,12177
13949,50.6756,-120.32706,213,12256
13949,50.6756,-120.32715,214,12262
13949,50.67667,-120.32714,215,12378
13949,50.67677,-120.32708,216,12390
13949,50.67689,-120.32708,217,12402
13949,50.67692,-120.32691,218,12414
13949,50.67685,-120.32592,219,12492
13954,50.77544,-120.3328,0,0
13954,50.7755,-120.3328,1,6
13954,50.77551,-120.33088,2,141
13954,50.77461,-120.33171,3,256
13954,50.7744,-120.332,4,291
13954,50.77364,-120.33264,5,391
13954,50.77254,-120.33378,6,537
13954,50.77272,-120.33412,7,574
13954,50.77265,-120.33417,8,582
13954,50.7727,-120.33435,9,595
13954,50.77273,-120.33871,10,902
13954,50.77167,-120.33948,11,1035
13954,50.77124,-120.33983,12,1091
13954,50.77081,-120.34005,13,1143
13954,50.77121,-120.34156,14,1258
13954,50.77132,-120.34199,15,1289
13954,50.7714,-120.34266,16,1336
13954,50.77096,-120.34308,17,1398
13954,50.76966,-120.34389,18,1555
13954,50.76925,-120.34422,19,1610
13954,50.76918,-120.3442,20,1620
13954,50.76832,-120.34476,21,1721
13954,50.76733,-120.34542,22,1837
13954,50.76676,-120.34589,23,1913
13954,50.76647,-120.34599,24,1950
13954,50.76561,-120.34656,25,2052
13954,50.76429,-120.34742,26,2210
13954,50.76327,-120.34819,27,2341
13954,50.76324,-120.34811,28,2347
13954,50.76235,-120.34872,29,2455
13954,50.76102,-120.34906,30,2607
13954,50.75997,-120.34901,31,2726
13954,50.75939,-120.3491,32,2796
13954,50.75939,-120.34901,33,2802
13954,50.75777,-120.34901,34,2982
13954,50.75742,-120.34909,35,3020
13954,50.75643,-120.34998,36,3150
13954,50.75551,-120.35076,37,3268
13954,50.75464,-120.35162,38,3382
13954,50.75371,-120.3525,39,3502
13954,50.7534,-120.35287,40,3548
13954,50.75327,-120.35293,41,3567
13954,50.75236,-120.3538,42,3684
13954,50.75131,-120.35481,43,3820
13954,50.75109,-120.35509,44,3854
13954,50.75012,-120.35597,45,3980
13954,50.74924,-120.35699,46,4101
13954,50.74845,-120.35796,47,4212
13954,50.74808,-120.35824,48,4257
13954,50.7471,-120.35851,49,4367
13954,50.74617,-120.35824,50,4472
13954,50.74499,-120.35745,51,4613
13954,50.74438,-120.35738,52,4683
13954,50.74229,-120.35717,53,4920
13954,50.74189,-120.35726,54,4965
13954,50.74116,-120.35773,55,5055
13954,50.73958,-120.35817,56,5235
13954,50.73737,-120.3585,57,5481
13954,50.73637,-120.35851,58,5594
13954,50.73534,-120.35829,59,5714
13954,50.73393,-120.35849,60,5869
13954,50.73114,-120.35909,61,6186
13954,50.72981,-120.3593,62,6337
13954,50.72886,-120.35922,63,6442
13954,50.72866,-120.35917,64,6467
13954,50.72767,-120.35852,65,6590
13954,50.72713,-120.35838,66,6650
13954,50.72605,-120.35851,67,6770
13954,50.72468,-120.35883,68,6922
13954,50.72405,-120.35907,69,6998
13954,50.7221,-120.35969,70,7222
13954,50.7209,-120.36008,71,7358
13954,50.71976,-120.35998,72,7486
13954,50.71878,-120.35966,73,7597
13954,50.71842,-120.35963,74,7639
13954,50.71826,-120.35954,75,7659
13954,50.71768,-120.3596,76,7723
13954,50.71706,-120.35995,77,7793
13954,50.71567,-120.36172,78,7990
13954,50.71498,-120.36269,79,8095
13954,50.71396,-120.36398,80,8243
13954,50.71353,-120.36455,81,8308
13954,50.7128,-120.36528,82,8408
13954,50.71201,-120.36603,83,8510
13954,50.71181,-120.36651,84,8549
13954,50.71057,-120.36577,85,8695
13954,50.71014,-120.3655,86,8746
13954,50.71004,-120.36538,87,8760
13954,50.70915,-120.36484,88,8866
13954,50.70879,-120.36468,89,8906
13954,50.70788,-120.36459,90,9007
13954,50.70697,-120.36449,91,9108
13954,50.7068,-120.3644,92,9129
13954,50.7057,-120.3642,93,9251
13954,50.70513,-120.36417,94,9317
13954,50.70367,-120.3639,95,9486
13954,50.70358,-120.36383,96,9499
13954,50.70217,-120.36365,97,9660
13954,50.70128,-120.36342,98,9763
13954,50.69993,-120.36322,99,9916
13954,50.69854,-120.36272,100,10074
13954,50.69823,-120.3625,101,10111
13954,50.69775,-120.36194,102,10176
13954,50.69783,-120.36178,103,10190
13954,50.69783,-120.36023,104,10296
13954,50.69783,-120.3598,105,10330
13957,50.69787,-120.36041,0,0
13957,50.71127,-120.38149,1,3100
13958,50.71127,-120.38149,0,0
13958,50.65879,-120.12303,1,24000
13961,50.66118,-120.26281,0,0
13961,50.66113,-120.26285,1,7
13961,50.66115,-120.26431,2,108
13961,50.66124,-120.26573,3,208
13961,50.66082,-120.26576,4,254
13961,50.66067,-120.26572,5,271
13961,50.66038,-120.26548,6,306
13961,50.66012,-120.26516,7,345
13961,50.65991,-120.26464,8,391
13961,50.66009,-120.26421,9,426
13961,50.66021,-120.26377,10,459
13961,50.66031,-120.26278,11,529
13961,50.66016,-120.26157,12,624
13961,50.66023,-120.26156,13,632
13961,50.66006,-120.25903,14,811
13961,50.65992,-120.25792,15,898
13961,50.65999,-120.25791,16,906
13961,50.65979,-120.25475,17,1130
13961,50.6607,-120.2546,18,1231
13961,50.66101,-120.25442,19,1274
13961,50.66102,-120.25455,20,1282
13961,50.66205,-120.25437,21,1396
13961,50.66195,-120.2539,22,1437
13961,50.66202,-120.25389,23,1444
13961,50.66175,-120.24958,24,1750
13961,50.66167,-120.24908,25,1790
13961,50.66164,-120.24797,26,1873
13961,50.6614,-120.24663,27,1970
13961,50.66128,-120.24641,28,1990
13961,50.66058,-120.24593,29,2078
13961,50.65982,-120.24516,30,2181
13961,50.65973,-120.24493,31,2200
13961,50.65937,-120.24322,32,2333
13961,50.65944,-120.24319,33,2340
13961,50.65868,-120.23869,34,2669
13961,50.6584,-120.23731,35,2776
13961,50.65845,-120.23729,36,2782
13961,50.65804,-120.23479,37,2964
13961,50.65886,-120.23463,38,3060
13969,50.69778,-120.36016,0,0
13969,50.67676,-120.32633,1,5200
13974,50.63784,-120.34965,0,0
13974,50.6379,-120.34962,1,6
13974,50.63789,-120.34953,2,12
13974,50.63777,-120.34914,3,41
13974,50.63759,-120.34885,4,69
13974,50.63742,-120.34871,5,91
13974,50.63707,-120.34872,6,132
13974,50.63689,-120.34872,7,154
13974,50.63675,-120.34886,8,173
13974,50.63722,-120.35011,9,276
13974,50.63745,-120.35188,10,402
13974,50.63749,-120.35316,11,497
13974,50.63743,-120.35315,12,503
13974,50.63755,-120.35459,13,604
13974,50.63778,-120.35602,14,708
13974,50.63788,-120.35631,15,735
13974,50.63827,-120.35906,16,939
13974,50.63862,-120.35882,17,986
13974,50.63863,-120.35891,18,992
13974,50.63878,-120.35884,19,1009
13974,50.6402,-120.3591,20,1174
13974,50.64018,-120.35921,21,1182
13974,50.64154,-120.3598,22,1337
13974,50.64199,-120.36006,23,1389
13974,50.64228,-120.36039,24,1428
13974,50.64245,-120.3607,25,1457
13974,50.64261,-120.36113,26,1492
13974,50.64291,-120.36269,27,1606
13974,50.64304,-120.36347,28,1662
13974,50.64328,-120.36389,29,1707
13974,50.64322,-120.36394,30,1714
13974,50.64332,-120.36421,31,1735
13974,50.64348,-120.36447,32,1760
13974,50.64382,-120.36477,33,1802
13974,50.64423,-120.3649,34,1848
13974,50.64479,-120.36525,35,1918
13974,50.64497,-120.36549,36,1949
13974,50.64522,-120.36563,37,1978
13974,50.64604,-120.36582,38,2069
13974,50.6462,-120.36595,39,2089
13974,50.64637,-120.36616,40,2113
13974,50.6465,-120.36642,41,2135
13974,50.64679,-120.36745,42,2216
13974,50.64678,-120.36762,43,2231
13974,50.64711,-120.36894,44,2331
13974,50.64754,-120.37098,45,2482
13974,50.64762,-120.37122,46,2501
13974,50.64782,-120.37134,47,2531
13974,50.64778,-120.37143,48,2538
13974,50.64797,-120.3716,49,2561
13974,50.6481,-120.3694,50,2717
13974,50.64802,-120.36754,51,2853
13974,50.64811,-120.36647,52,2932
13974,50.6482,-120.36617,53,2955
13974,50.64835,-120.36594,54,2978
13974,50.64861,-120.36572,55,3011
13974,50.64871,-120.36572,56,3021
13974,50.64881,-120.36688,57,3109
13974,50.64875,-120.36688,58,3115
13974,50.6488,-120.36842,59,3222
13974,50.64885,-120.37016,60,3344
13974,50.64894,-120.37078,61,3387
13974,50.64952,-120.37237,62,3516
13974,50.64983,-120.37297,63,3574
13974,50.64984,-120.37313,64,3588
13974,50.65046,-120.37447,65,3704
13974,50.65121,-120.37558,66,3816
13974,50.65133,-120.37581,67,3837
13974,50.65153,-120.37552,68,3867
13974,50.65169,-120.37501,69,3906
13974,50.65167,-120.37468,70,3933
13974,50.65173,-120.37466,71,3940
13974,50.65172,-120.37424,72,3969
13974,50.65137,-120.37233,73,4113
13974,50.65134,-120.37176,74,4158
13974,50.6513,-120.37155,75,4173
13974,50.65125,-120.36983,76,4292
13974,50.65131,-120.36876,77,4367
13974,50.65147,-120.36804,78,4425
13974,50.65153,-120.36811,79,4433
13974,50.65158,-120.36799,80,4442
13974,50.65234,-120.36708,81,4544
13974,50.65279,-120.36787,82,4618
13974,50.65307,-120.36817,83,4654
13974,50.65402,-120.36869,84,4762
13974,50.65471,-120.36894,85,4839
13974,50.65568,-120.36883,86,4952
13974,50.65568,-120.36894,87,4959
13974,50.65642,-120.369,88,5040
13974,50.65678,-120.36919,89,5080
13974,50.65746,-120.36988,90,5168
13974,50.65753,-120.36991,91,5176
13974,50.65848,-120.36949,92,5284
13974,50.65979,-120.36966,93,5427
13974,50.6608,-120.36978,94,5539
13974,50.66114,-120.36969,95,5583
13974,50.66114,-120.36978,96,5589
13974,50.66181,-120.36983,97,5661
13974,50.6627,-120.37048,98,5769
13974,50.66367,-120.3713,99,5890
13974,50.66422,-120.37172,100,5962
13974,50.66418,-120.3718,101,5969
13974,50.66486,-120.37257,102,6060
13974,50.66507,-120.37267,103,6083
13974,50.66521,-120.37269,104,6097
13974,50.66541,-120.37265,105,6118
13974,50.66565,-120.37249,106,6145
13974,50.66581,-120.37227,107,6167
13974,50.66628,-120.37099,108,6269
13974,50.66645,-120.37062,109,6300
13974,50.66667,-120.37035,110,6330
13974,50.66711,-120.37012,111,6379
13974,50.66833,-120.36992,112,6511
13974,50.66883,-120.36973,113,6572
13974,50.66883,-120.36982,114,6578
13974,50.67006,-120.36959,115,6715
13974,50.67063,-120.36926,116,6782
13974,50.67111,-120.36872,117,6847
13974,50.67111,-120.36863,118,6853
13974,50.67109,-120.3685,119,6862
13974,50.67124,-120.36804,120,6911
13974,50.67132,-120.36804,121,6919
13974,50.67132,-120.36793,122,6926
13974,50.67122,-120.36778,123,6939
13974,50.6713,-120.36741,124,6966
13974,50.67126,-120.36707,125,6989
13974,50.67114,-120.36672,126,7017
13974,50.67052,-120.3662,127,7094
13974,50.67038,-120.366,128,7114
13974,50.67028,-120.36576,129,7134
13974,50.67023,-120.36552,130,7151
13974,50.67022,-120.36527,131,7168
13974,50.67012,-120.36506,132,7190
13974,50.67015,-120.36499,133,7198
13974,50.66996,-120.36468,134,7228
13974,50.669,-120.36444,135,7334
13974,50.66764,-120.3641,136,7486
13974,50.66771,-120.36319,137,7554
13974,50.66778,-120.36306,138,7569
13974,50.66809,-120.36158,139,7679
13974,50.66834,-120.36012,140,7782
13974,50.66872,-120.35844,141,7907
13974,50.66908,-120.35696,142,8016
13974,50.66919,-120.35653,143,8052
13974,50.66924,-120.35659,144,8058
13974,50.66979,-120.35534,145,8165
13974,50.66985,-120.35514,146,8179
13974,50.66987,-120.35494,147,8193
13974,50.66986,-120.35461,148,8215
13974,50.66991,-120.35441,149,8229
13974,50.66983,-120.35275,150,8351
13974,50.66991,-120.35275,151,8359
13974,50.6699,-120.35097,152,8483
13974,50.6699,-120.3506,153,8508
13974,50.66986,-120.35045,154,8520
13974,50.66975,-120.3503,155,8535
13974,50.66906,-120.34974,156,8620
13974,50.66884,-120.34945,157,8656
13974,50.66878,-120.34926,158,8673
13974,50.66826,-120.34818,159,8768
13974,50.6682,-120.34793,160,8786
13974,50.66803,-120.34644,161,8893
13974,50.66786,-120.3451,162,8988
13974,50.66774,-120.34479,163,9013
13974,50.66762,-120.34459,164,9032
13974,50.6672,-120.34427,165,9086
13974,50.66697,-120.3437,166,9136
13974,50.66692,-120.34308,167,9179
13974,50.66732,-120.34163,168,9296
13974,50.66741,-120.3415,169,9312
13974,50.66718,-120.33893,170,9499
13974,50.6672,-120.33864,171,9523
13974,50.66711,-120.33809,172,9563
13974,50.66819,-120.33839,173,9684
13974,50.66863,-120.33859,174,9737
13974,50.66864,-120.33868,175,9745
13974,50.66884,-120.33902,176,9776
13974,50.66894,-120.3394,177,9804
13974,50.66897,-120.33968,178,9823
13974,50.66896,-120.34028,179,9865
13974,50.66906,-120.34088,180,9908
13974,50.66942,-120.34164,181,9977
13974,50.66944,-120.34184,182,9994
13974,50.66948,-120.34196,183,10003
13974,50.66968,-120.34181,184,10028
13974,50.66988,-120.34179,185,10049
13974,50.67005,-120.34187,186,10068
13974,50.67013,-120.34194,187,10077
13974,50.67028,-120.34219,188,10100
13974,50.67058,-120.34291,189,10159
13974,50.67075,-120.34306,190,10180
13974,50.67095,-120.34305,191,10207
13974,50.67093,-120.34315,192,10214
13974,50.67119,-120.34326,193,10243
13974,50.67134,-120.34343,194,10263
13974,50.6714,-120.34354,195,10272
13974,50.67148,-120.34381,196,10292
13974,50.6715,-120.34445,197,10336
13974,50.67154,-120.3446,198,10347
13974,50.67166,-120.34482,199,10367
13974,50.67182,-120.34494,200,10386
13974,50.67197,-120.34494,201,10402
13974,50.67208,-120.3449,202,10414
13974,50.67217,-120.34467,203,10439
13974,50.67222,-120.34477,204,10447
13974,50.67232,-120.34465,205,10460
13974,50.67181,-120.34325,206,10572
13974,50.67148,-120.34156,207,10695
13974,50.6714,-120.33896,208,10876
13974,50.67137,-120.33734,209,10989
13974,50.67137,-120.33555,210,11115
13974,50.67131,-120.33368,211,11251
13974,50.67134,-120.33202,212,11372
13974,50.67133,-120.32979,213,11528
13974,50.67125,-120.32932,214,11568
13974,50.67133,-120.32932,215,11577
13974,50.67132,-120.32738,216,11712
13974,50.67132,-120.32718,217,11725
13974,50.67228,-120.32717,218,11830
13974,50.67291,-120.32702,219,11908
13974,50.67291,-120.32717,220,11918
13974,50.67404,-120.32716,221,12042
13974,50.67427,-120.32707,222,12073
13974,50.67427,-120.32716,223,12079
13974,50.67539,-120.32715,224,12202
13974,50.6756,-120.32706,225,12231
13974,50.6756,-120.32715,226,12237
13974,50.67667,-120.32714,227,12353
13974,50.67677,-120.32708,228,12365
13974,50.67689,-120.32708,229,12377
13974,50.67692,-120.32691,230,12389
13974,50.67685,-120.32592,231,12467
13977,50.71127,-120.38149,0,0
13977,50.67074,-120.36864,1,10300
13980,50.65879,-120.12303,0,0
13980,50.65813,-120.12084,1,175
13980,50.65783,-120.1195,2,275
13980,50.65769,-120.11636,3,496
13980,50.65764,-120.11434,4,639
13980,50.65757,-120.11181,5,817
13980,50.65752,-120.11003,6,942
13980,50.65736,-120.10876,7,1031
13980,50.6565,-120.10604,8,1244
13980,50.65622,-120.10543,9,1302
13980,50.65627,-120.10539,10,1308
13980,50.65578,-120.104,11,1418
13980,50.65557,-120.10298,12,1493
13980,50.65551,-120.10137,13,1606
13980,50.65558,-120.09981,14,1716
13980,50.65561,-120.09817,15,1830
13980,50.65554,-120.09729,16,1897
13980,50.65545,-120.09383,17,2145
13980,50.65552,-120.09292,18,2209
13980,50.65583,-120.09135,19,2324
13980,50.65557,-120.08671,20,2653
13980,50.65548,-120.08394,21,2855
13980,50.65554,-120.08395,22,2862
13980,50.65559,-120.08238,23,2971
13980,50.65556,-120.08053,24,3100
13980,50.65552,-120.08017,25,3125
13980,50.65495,-120.08041,26,3188
13980,50.65469,-120.079,27,3289
13980,50.65461,-120.07874,28,3313
13985,50.65372,-120.40195,0,0
13985,50.65367,-120.40198,1,6
13985,50.65391,-120.40332,2,104
13985,50.6535,-120.40348,3,150
13985,50.65216,-120.40346,4,302
13985,50.6518,-120.4032,5,349
13985,50.65155,-120.4029,6,383
13985,50.65099,-120.40144,7,502
13985,50.6507,-120.39976,8,628
13985,50.6508,-120.3989,9,693
13985,50.65137,-120.39737,10,823
13985,50.65142,-120.39746,11,831
13985,50.65203,-120.39655,12,923
13985,50.65246,-120.39695,13,984
13985,50.65242,-120.39704,14,991
13985,50.65324,-120.39804,15,1106
13985,50.6537,-120.39834,16,1168
13985,50.65367,-120.39844,17,1175
13985,50.6551,-120.39972,18,1355
13985,50.65673,-120.40098,19,1556
13985,50.65715,-120.40119,20,1608
13985,50.65725,-120.40135,21,1628
13985,50.65761,-120.40147,22,1669
13985,50.65799,-120.40146,23,1711
13985,50.6582,-120.40138,24,1734
13985,50.6586,-120.40102,25,1783
13985,50.65918,-120.39986,26,1898
13985,50.65926,-120.40001,27,1912
13985,50.65944,-120.39974,28,1938
13985,50.65948,-120.39954,29,1953
13985,50.66045,-120.39881,30,2068
13985,50.66136,-120.39831,31,2173
13985,50.66191,-120.39814,32,2233
13985,50.66175,-120.39775,33,2270
13985,50.66136,-120.39612,34,2397
13985,50.66114,-120.39471,35,2499
13985,50.66104,-120.39401,36,2549
13985,50.6608,-120.3933,37,2610
13985,50.66083,-120.39322,38,2619
13985,50.66014,-120.39174,39,2747
13985,50.65934,-120.3901,40,2892
13985,50.65879,-120.38892,41,2994
13985,50.65837,-120.38826,42,3065
13985,50.65841,-120.38821,43,3071
13985,50.65762,-120.38658,44,3215
13985,50.65738,-120.38625,45,3256
13985,50.65743,-120.38619,46,3262
13985,50.6566,-120.3845,47,3412
13985,50.65631,-120.38389,48,3466
13985,50.65616,-120.38329,49,3511
13985,50.65608,-120.38265,50,3562
13985,50.65614,-120.38264,51,3568
13985,50.65609,-120.38159,52,3642
13985,50.65601,-120.38122,53,3670
13985,50.65566,-120.3804,54,3739
13985,50.65537,-120.37995,55,3787
13985,50.65534,-120.37971,56,3808
13985,50.65494,-120.37833,57,3914
13985,50.65457,-120.37677,58,4026
13985,50.65449,-120.37614,59,4074
13985,50.65454,-120.3761,60,4081
13985,50.65457,-120.37562,61,4114
13985,50.65465,-120.37518,62,4145
13985,50.65492,-120.37435,63,4209
13985,50.65529,-120.37374,64,4268
13985,50.65534,-120.37356,65,4281
13985,50.65535,-120.37334,66,4294
13985,50.65532,-120.37318,67,4306
13985,50.65501,-120.3727,68,4354
13985,50.65518,-120.37244,69,4380
13985,50.65523,-120.37239,70,4386
13985,50.65569,-120.37211,71,4445
13985,50.65571,-120.37219,72,4451
13985,50.65656,-120.37182,73,4545
13985,50.65671,-120.37168,74,4564
13985,50.65683,-120.37151,75,4581
13985,50.65736,-120.37036,76,4681
13985,50.65778,-120.36986,77,4735
13985,50.65826,-120.36956,78,4791
13985,50.65891,-120.36947,79,4862
13985,50.66029,-120.36974,80,5014
13985,50.66114,-120.36969,81,5115
13985,50.66114,-120.36978,82,5121
13985,50.66181,-120.36983,83,5193
13985,50.6627,-120.37048,84,5301
13985,50.66367,-120.3713,85,5422
13985,50.66422,-120.37172,86,5494
13985,50.66418,-120.3718,87,5501
13985,50.66486,-120.37257,88,5592
13985,50.66507,-120.37267,89,5615
13985,50.66521,-120.37269,90,5629
13985,50.66541,-120.37265,91,5650
13985,50.66565,-120.37249,92,5677
13985,50.66581,-120.37227,93,5699
13985,50.66628,-120.37099,94,5801
13985,50.66645,-120.37062,95,5832
13985,50.66697,-120.37005,96,5904
13985,50.66698,-120.37016,97,5911
13985,50.66792,-120.36999,98,6012
13985,50.66766,-120.3682,99,6139
13985,50.66753,-120.36665,100,6248
13985,50.66755,-120.3651,101,6356
13985,50.66764,-120.3641,102,6427
13985,50.66808,-120.36409,103,6482
13985,50.66806,-120.36421,104,6490
13985,50.669,-120.36444,105,6594
13985,50.66996,-120.36468,106,6700
13985,50.67014,-120.36494,107,6727
13985,50.67026,-120.36531,108,6757
13985,50.67023,-120.36552,109,6775
13985,50.67028,-120.36576,110,6792
13985,50.67038,-120.366,111,6812
13985,50.67052,-120.3662,112,6832
13985,50.67114,-120.36672,113,6909
13985,50.67126,-120.36707,114,6937
13985,50.6713,-120.36741,115,6960
13985,50.67122,-120.36778,116,6987
13985,50.67074,-120.36864,117,7077
13987,50.67676,-120.32578,0,0
13987,50.67673,-120.32698,1,88
13987,50.67667,-120.32714,2,101
13987,50.67667,-120.32959,3,273
13987,50.67667,-120.33115,4,382
13987,50.67667,-120.332,5,442
13987,50.67539,-120.33201,6,584
13987,50.67495,-120.33201,7,632
13987,50.6749,-120.3314,8,680
13987,50.67495,-120.33133,9,689
13987,50.67494,-120.32984,10,792
13987,50.67493,-120.32715,11,980
13987,50.67482,-120.32667,12,1026
13987,50.67493,-120.32667,13,1038
13987,50.67493,-120.32429,14,1204
13987,50.67478,-120.32177,15,1396
13987,50.67492,-120.32177,16,1411
13987,50.67491,-120.32032,17,1512
13987,50.67489,-120.31823,18,1658
13987,50.67433,-120.31639,19,1802
13987,50.67393,-120.31565,20,1883
13987,50.67405,-120.31555,21,1898
13987,50.67363,-120.3142,22,2002
13987,50.6732,-120.31285,23,2106
13987,50.67307,-120.31135,24,2219
13987,50.67314,-120.31135,25,2227
13987,50.67314,-120.30938,26,2366
13987,50.67314,-120.30759,27,2491
13987,50.67308,-120.30692,28,2543
13987,50.67313,-120.30672,29,2562
13987,50.67303,-120.30578,30,2626
13987,50.67323,-120.30456,31,2714
13987,50.67328,-120.30309,32,2817
13987,50.67313,-120.30045,33,3002
13987,50.67306,-120.29908,34,3098
13987,50.67262,-120.29738,35,3227
13987,50.6724,-120.29566,36,3349
13987,50.6723,-120.29461,37,3427
13987,50.67247,-120.29327,38,3526
13987,50.67255,-120.29303,39,3545
13987,50.67302,-120.29223,40,3621
13987,50.67415,-120.29111,41,3768
13987,50.67446,-120.29061,42,3823
13987,50.6745,-120.29068,43,3829
13987,50.67494,-120.28998,44,3897
13987,50.67506,-120.28956,45,3929
13987,50.67517,-120.28811,46,4037
13987,50.67524,-120.28813,47,4044
13987,50.6755,-120.28595,48,4199
13987,50.67576,-120.28377,49,4354
13987,50.67574,-120.28341,50,4385
13987,50.6758,-120.28343,51,4392
13987,50.6761,-120.28093,52,4571
13987,50.67619,-120.28013,53,4627
13987,50.67597,-120.27701,54,4847
13987,50.67589,-120.27675,55,4871
13987,50.67595,-120.27675,56,4877
13987,50.67583,-120.27497,57,5000
13987,50.67563,-120.27238,58,5185
13987,50.6771,-120.27234,59,5349
13987,50.6774,-120.27225,60,5387
13987,50.6774,-120.27234,61,5393
13987,50.67857,-120.27231,62,5521
13987,50.67904,-120.2723,63,5573
13987,50.67902,-120.27183,64,5606
13987,50.67899,-120.2717,65,5615
13987,50.67882,-120.27153,66,5644
13987,50.6789,-120.27146,67,5654
13987,50.67869,-120.27087,68,5701
13987,50.67868,-120.26891,69,5839
13987,50.67868,-120.26856,70,5863
13987,50.67977,-120.26822,71,5986
13987,50.68025,-120.26807,72,6040
13987,50.68008,-120.26701,73,6122
13987,50.68014,-120.26699,74,6128
13987,50.67994,-120.26558,75,6230
13987,50.67963,-120.264,76,6346
13987,50.67954,-120.26367,77,6369
13987,50.67942,-120.26362,78,6383
13987,50.67918,-120.26376,79,6411
13987,50.67873,-120.26183,80,6561
13987,50.67879,-120.2618,81,6567
13987,50.67866,-120.26117,82,6613
13987,50.67852,-120.26133,83,6632
13987,50.67737,-120.26199,84,6772
13987,50.67637,-120.26229,85,6890
13987,50.67615,-120.26135,86,6966
13987,50.67622,-120.26132,87,6973
13987,50.6754,-120.25717,88,7279
13987,50.67521,-120.25651,89,7334
13987,50.6749,-120.25486,90,7460
13987,50.67439,-120.2525,91,7635
13987,50.67419,-120.25184,92,7690
13987,50.67368,-120.2493,93,7883
13987,50.67343,-120.24671,94,8068
13987,50.67324,-120.24543,95,8166
13987,50.6733,-120.24542,96,8173
13987,50.67303,-120.24254,97,8376
13987,50.67288,-120.24168,98,8444
13987,50.67294,-120.24166,99,8450
13987,50.6727,-120.23915,100,8629
13987,50.67257,-120.23841,101,8687
13987,50.6724,-120.23619,102,8849
13987,50.6721,-120.23463,103,8963
13987,50.67181,-120.23332,104,9059
13987,50.67167,-120.233,105,9086
13987,50.67126,-120.2325,106,9146
13987,50.67043,-120.2304,107,9324
13987,50.66998,-120.22887,108,9442
13987,50.66994,-120.22843,109,9473
13987,50.66998,-120.22799,110,9504
13987,50.67009,-120.22766,111,9530
13987,50.67037,-120.22733,112,9573
13987,50.67038,-120.22742,113,9579
13987,50.67051,-120.22735,114,9594
13987,50.6705,-120.22727,115,9600
13987,50.67052,-120.22719,116,9606
13987,50.67055,-120.22712,117,9612
13987,50.67065,-120.22708,118,9622
13987,50.67073,-120.22714,119,9631
13987,50.67156,-120.22679,120,9728
13987,50.67173,-120.22652,121,9755
13987,50.67177,-120.2263,122,9771
13987,50.67179,-120.22595,123,9795
13987,50.67098,-120.22207,124,10081
13987,50.67088,-120.22059,125,10185
13987,50.671,-120.21918,126,10285
13987,50.67158,-120.21631,127,10496
13987,50.67176,-120.2143,128,10639
13987,50.67173,-120.21333,129,10707
13987,50.67016,-120.20621,130,11239
13987,50.66964,-120.20396,131,11407
13987,50.66915,-120.20054,132,11653
13987,50.66898,-120.19788,133,11842
13987,50.66914,-120.19206,134,12252
13987,50.66925,-120.18858,135,12498
13987,50.6692,-120.18796,136,12542
13987,50.66914,-120.18781,137,12554
13987,50.66892,-120.18758,138,12583
13987,50.66817,-120.18724,139,12668
13987,50.66807,-120.18724,140,12678
13987,50.66794,-120.18734,141,12694
13987,50.66787,-120.18737,142,12701
13987,50.66757,-120.18778,143,12750
13987,50.66732,-120.18795,144,12785
13987,50.66604,-120.1893,145,12954
13987,50.66575,-120.18946,146,12987
13987,50.66546,-120.1895,147,13019
13987,50.66517,-120.18939,148,13052
13987,50.6649,-120.18916,149,13086
13987,50.66468,-120.18883,150,13119
13987,50.66457,-120.18854,151,13143
13987,50.66435,-120.18713,152,13244
13987,50.66422,-120.18659,153,13285
13987,50.66399,-120.18606,154,13330
13987,50.66343,-120.18536,155,13409
13987,50.66267,-120.18502,156,13496
13987,50.66132,-120.18494,157,13646
13987,50.65981,-120.1852,158,13813
13987,50.65831,-120.18506,159,13979
13987,50.65793,-120.18498,160,14021
13987,50.6576,-120.1848,161,14060
13987,50.65712,-120.18436,162,14126
13987,50.65715,-120.18429,163,14132
13987,50.65593,-120.18284,164,14301
13987,50.6549,-120.18188,165,14432
13987,50.65469,-120.18178,166,14459
13987,50.65464,-120.18168,167,14470
13987,50.65343,-120.18079,168,14617
13987,50.65241,-120.17997,169,14743
13987,50.65117,-120.17966,170,14888
13987,50.65118,-120.17957,171,14894
13987,50.65095,-120.17952,172,14919
13987,50.65081,-120.17935,173,14939
13987,50.65068,-120.17898,174,14968
13987,50.65058,-120.17847,175,15005
13987,50.64994,-120.17743,176,15106
13987,50.6497,-120.17719,177,15137
13987,50.64973,-120.17699,178,15151
13987,50.64959,-120.17657,179,15189
13987,50.64955,-120.17619,180,15220
13987,50.64928,-120.17519,181,15297
13987,50.64931,-120.17448,182,15346
13987,50.64954,-120.17413,183,15386
13987,50.64957,-120.17421,184,15392
13987,50.64975,-120.17415,185,15411
13987,50.65102,-120.17424,186,15551
13987,50.65246,-120.17469,187,15718
13987,50.65278,-120.17487,188,15760
13987,50.65383,-120.17415,189,15887
13987,50.654,-120.17388,190,15913
13987,50.65409,-120.17346,191,15945
13987,50.65412,-120.17221,192,16033
13987,50.65407,-120.17182,193,16061
13987,50.65395,-120.17147,194,16088
13987,50.65321,-120.17024,195,16207
13987,50.65301,-120.16963,196,16260
13987,50.65185,-120.16476,197,16634
13987,50.65174,-120.16423,198,16675
13987,50.65074,-120.16272,199,16832
13987,50.6506,-120.16233,200,16867
13987,50.6498,-120.1633,201,16979
13987,50.64932,-120.16365,202,17037
13987,50.64918,-120.16403,203,17072
13987,50.6491,-120.1642,204,17090
13987,50.64903,-120.16539,205,17174
13987,50.64893,-120.16569,206,17197
13987,50.6488,-120.16592,207,17219
13987,50.64828,-120.16643,208,17288
13987,50.64719,-120.16718,209,17423
13987,50.64612,-120.16833,210,17565
13987,50.64581,-120.16861,211,17604
13987,50.64547,-120.16909,212,17654
13987,50.64562,-120.16985,213,17715
13987,50.64569,-120.17037,214,17757
13987,50.64593,-120.17107,215,17812
13987,50.64666,-120.17203,216,17917
13987,50.64788,-120.17463,217,18150
13987,50.64853,-120.176,218,18273
13987,50.64946,-120.17681,219,18397
13987,50.64942,-120.1769,220,18405
13987,50.65028,-120.17792,221,18523
13987,50.65058,-120.17847,222,18573
13987,50.65068,-120.17898,223,18610
13987,50.65079,-120.17909,224,18630
13987,50.65074,-120.17914,225,18637
13987,50.65081,-120.17935,226,18653
13987,50.65095,-120.17952,227,18673
13987,50.65232,-120.17994,228,18828
13987,50.65241,-120.17997,229,18838
13987,50.6534,-120.18078,230,18962
13987,50.65451,-120.18159,231,19095
13987,50.65511,-120.18194,232,19173
13987,50.65508,-120.18204,233,19181
13987,50.65588,-120.18277,234,19282
13987,50.65665,-120.18374,235,19391
13987,50.65736,-120.18439,236,19488
13987,50.65732,-120.18448,237,19495
13987,50.6576,-120.1848,238,19532
13987,50.65793,-120.18498,239,19571
13987,50.65941,-120.18523,240,19735
13987,50.66098,-120.18495,241,19910
13987,50.66267,-120.18502,242,20096
13987,50.66343,-120.18536,243,20183
13987,50.66399,-120.18606,244,20262
13987,50.66422,-120.18659,245,20307
13987,50.66457,-120.18854,246,20449
13987,50.66468,-120.18883,247,20473
13987,50.6649,-120.18916,248,20506
13987,50.66517,-120.18939,249,20540
13987,50.66546,-120.1895,250,20573
13987,50.66575,-120.18946,251,20605
13987,50.66604,-120.1893,252,20638
13987,50.66715,-120.18813,253,20786
13987,50.66774,-120.18739,254,20874
13987,50.66777,-120.18747,255,20880
13987,50.66787,-120.18737,256,20893
13987,50.668,-120.18709,257,20916
13987,50.66802,-120.18696,258,20925
13987,50.66795,-120.18642,259,20962
13987,50.66797,-120.18634,260,20968
13987,50.66798,-120.18464,261,21088
13987,50.66802,-120.18297,262,21205
13987,50.66801,-120.18183,263,21290
13987,50.66807,-120.18165,264,21307
13987,50.66806,-120.18095,265,21355
13987,50.66803,-120.18079,266,21366
13987,50.66801,-120.1802,267,21407
13987,50.66794,-120.17984,268,21432
13987,50.6679,-120.17975,269,21439
13987,50.66796,-120.17966,270,21448
13987,50.66809,-120.17932,271,21476
13987,50.66798,-120.17726,272,21625
13987,50.66801,-120.17656,273,21678
13987,50.66782,-120.17569,274,21742
13987,50.66669,-120.17325,275,21955
13987,50.66654,-120.17304,276,21980
13987,50.66652,-120.17288,277,21994
13987,50.66604,-120.17157,278,22100
13987,50.66567,-120.16976,279,22238
13987,50.66529,-120.16717,280,22431
13987,50.66471,-120.16397,281,22670
13987,50.66477,-120.16395,282,22676
13987,50.66456,-120.1609,283,22892
13987,50.66459,-120.15946,284,22993
13987,50.66479,-120.15739,285,23145
13987,50.66486,-120.15729,286,23158
13987,50.66523,-120.15449,287,23358
13987,50.66566,-120.15093,288,23619
13987,50.66595,-120.14924,289,23746
13987,50.66609,-120.14822,290,23819
13987,50.66607,-120.14749,291,23870
13987,50.6658,-120.14585,292,23989
13987,50.66566,-120.14534,293,24032
13987,50.66567,-120.14513,294,24050
13987,50.66544,-120.14374,295,24151
13987,50.6646,-120.13984,296,24441
13987,50.66424,-120.13834,297,24554
13987,50.66374,-120.13651,298,24699
13987,50.6638,-120.13648,299,24705
13987,50.66312,-120.13304,300,24957
13987,50.66285,-120.13205,301,25039
13987,50.66291,-120.13202,302,25045
13987,50.66242,-120.12972,303,25215
13987,50.6622,-120.12915,304,25266
13987,50.66208,-120.12873,305,25302
13987,50.66117,-120.12753,306,25433
13987,50.66032,-120.12648,307,25552
13987,50.65963,-120.1253,308,25665
13987,50.65903,-120.12363,309,25800
13987,50.65879,-120.12303,310,25854
13990,50.65315,-120.36195,0,0
13990,50.65311,-120.36193,1,6
13990,50.65275,-120.36197,2,45
13990,50.65268,-120.36081,3,126
13990,50.65259,-120.3605,4,150
13990,50.65141,-120.35869,5,332
13990,50.65102,-120.35844,6,383
13990,50.65035,-120.35773,7,477
13990,50.65022,-120.35749,8,498
13990,50.65015,-120.35697,9,535
13990,50.65016,-120.35658,10,561
13990,50.65027,-120.35595,11,611
13990,50.65032,-120.35601,12,618
13990,50.65134,-120.35506,13,749
13990,50.65253,-120.35353,14,927
13990,50.65258,-120.35362,15,935
13990,50.65265,-120.35353,16,944
13990,50.65278,-120.35326,17,968
13990,50.65305,-120.35219,18,1048
13990,50.65318,-120.35189,19,1072
13990,50.6538,-120.35113,20,1164
13990,50.65382,-120.35122,21,1170
13990,50.65409,-120.35105,22,1201
13990,50.65432,-120.35081,23,1231
13990,50.65451,-120.35044,24,1263
13990,50.65462,-120.35007,25,1292
13990,50.65469,-120.34902,26,1365
13990,50.65465,-120.34862,27,1393
13990,50.65456,-120.34822,28,1422
13990,50.65439,-120.34783,29,1455
13990,50.65403,-120.34747,30,1506
13990,50.65403,-120.34739,31,1513
13990,50.65397,-120.34732,32,1521
13990,50.65383,-120.34704,33,1546
13990,50.65361,-120.34621,34,1609
13990,50.65346,-120.34587,35,1638
13990,50.65322,-120.34555,36,1672
13990,50.65249,-120.3449,37,1764
13990,50.65204,-120.3441,38,1838
13990,50.65177,-120.34424,39,1868
13990,50.65164,-120.34423,40,1881
13990,50.65146,-120.34416,41,1902
13990,50.65133,-120.34404,42,1918
13990,50.65117,-120.34373,43,1945
13990,50.65108,-120.34345,44,1967
13990,50.65104,-120.34309,45,1992
13990,50.65082,-120.34245,46,2046
13990,50.65029,-120.34111,47,2159
13990,50.64994,-120.34022,48,2233
13990,50.64965,-120.34041,49,2267
13990,50.64926,-120.34098,50,2326
13990,50.64981,-120.34211,51,2431
13990,50.64976,-120.34217,52,2438
13990,50.65034,-120.34363,53,2558
13990,50.65045,-120.34472,54,2639
13990,50.65041,-120.34477,55,2647
13990,50.64992,-120.34726,56,2830
13990,50.64985,-120.34778,57,2870
13990,50.6498,-120.34804,58,2892
13990,50.64995,-120.35016,59,3041
13990,50.64969,-120.35227,60,3191
13990,50.64944,-120.35395,61,3320
13990,50.64937,-120.35387,62,3330
13990,50.64919,-120.35418,63,3359
13990,50.64901,-120.35433,64,3381
13990,50.64876,-120.35444,65,3409
13990,50.64848,-120.35437,66,3440
13990,50.64766,-120.35365,67,3549
13990,50.64769,-120.35357,68,3555
13990,50.64754,-120.35343,69,3574
13990,50.64641,-120.35299,70,3702
13990,50.64635,-120.35298,71,3709
13990,50.64641,-120.35144,72,3822
13990,50.64649,-120.35113,73,3849
13990,50.64672,-120.34922,74,3985
13990,50.64686,-120.34769,75,4102
13990,50.64695,-120.34773,76,4112
13990,50.64754,-120.34404,77,4380
13990,50.64774,-120.34242,78,4501
13990,50.6478,-120.34244,79,4507
13990,50.64782,-120.34227,80,4519
13990,50.64789,-120.34204,81,4536
13990,50.64815,-120.34045,82,4652
13990,50.64831,-120.33957,83,4715
13990,50.64861,-120.33888,84,4773
13990,50.64893,-120.33846,85,4818
13990,50.64956,-120.33804,86,4892
13990,50.64987,-120.33798,87,4926
13990,50.6504,-120.33809,88,4986
13990,50.65075,-120.33831,89,5027
13990,50.65114,-120.33875,90,5078
13990,50.65183,-120.34021,91,5205
13990,50.6525,-120.34165,92,5333
13990,50.65328,-120.34355,93,5497
13990,50.65349,-120.34391,94,5531
13990,50.65395,-120.34435,95,5590
13990,50.65445,-120.34454,96,5646
13990,50.6549,-120.34437,97,5703
13990,50.65492,-120.34448,98,5710
13990,50.6554,-120.34418,99,5766
13990,50.65562,-120.34394,100,5795
13990,50.656,-120.34314,101,5865
13990,50.65623,-120.34145,102,5986
13990,50.65624,-120.3409,103,6030
13990,50.6563,-120.34092,104,6036
13990,50.65649,-120.34027,105,6084
13990,50.65695,-120.33946,106,6160
13990,50.65745,-120.33909,107,6220
13990,50.65777,-120.33897,108,6257
13990,50.65827,-120.33896,109,6311
13990,50.65883,-120.33927,110,6375
13990,50.65926,-120.33976,111,6437
13990,50.65956,-120.3407,112,6514
13990,50.6598,-120.34338,113,6704
13990,50.65986,-120.3438,114,6734
13990,50.66016,-120.34455,115,6795
13990,50.6608,-120.34544,116,6894
13990,50.66147,-120.34648,117,7000
13990,50.66259,-120.34759,118,7145
13990,50.66343,-120.34829,119,7252
13990,50.66354,-120.3485,120,7275
13990,50.6645,-120.34926,121,7393
13990,50.66535,-120.34984,122,7499
13990,50.66634,-120.35083,123,7631
13990,50.66702,-120.35232,124,7760
13990,50.667,-120.35246,125,7772
13990,50.66704,-120.35263,126,7785
13990,50.66708,-120.35554,127,7985
13990,50.66717,-120.35594,128,8014
13990,50.66748,-120.35658,129,8069
13990,50.6683,-120.35731,130,8170
13990,50.66898,-120.35775,131,8247
13990,50.66859,-120.35949,132,8376
13990,50.66819,-120.36139,133,8516
13990,50.66811,-120.36151,134,8530
13990,50.66778,-120.36306,135,8645
13990,50.66755,-120.3651,136,8790
13990,50.66753,-120.36665,137,8898
13990,50.6676,-120.36717,138,8938
13990,50.66756,-120.36723,139,8945
13990,50.66774,-120.36888,140,9062
13990,50.66779,-120.36918,141,9083
13990,50.66796,-120.36968,142,9122
13990,50.66803,-120.36979,143,9133
13990,50.6681,-120.36986,144,9142
13990,50.66817,-120.3699,145,9150
13990,50.66833,-120.36992,146,9167
13990,50.66883,-120.36973,147,9228
13990,50.66883,-120.36982,148,9234
13990,50.67006,-120.36959,149,9371
13990,50.67063,-120.36926,150,9438
13990,50.67111,-120.36872,151,9503
13990,50.67111,-120.36863,152,9509
13990,50.67109,-120.3685,153,9518
13990,50.67124,-120.36804,154,9567
13990,50.67132,-120.36804,155,9575
13990,50.67132,-120.36793,156,9582
13990,50.67122,-120.36778,157,9595
13990,50.6713,-120.36741,158,9622
13990,50.67126,-120.36707,159,9645
13990,50.67114,-120.36672,160,9673
13990,50.67052,-120.3662,161,9750
13990,50.67038,-120.366,162,9770
13990,50.67028,-120.36576,163,9790
13990,50.67023,-120.36552,164,9807
13990,50.67022,-120.36527,165,9824
13990,50.67012,-120.36506,166,9846
13990,50.67015,-120.36499,167,9854
13990,50.66996,-120.36468,168,9884
13990,50.669,-120.36444,169,9990
13990,50.66764,-120.3641,170,10142
13990,50.66771,-120.36319,171,10210
13990,50.66778,-120.36306,172,10225
13990,50.66809,-120.36158,173,10335
13990,50.66834,-120.36012,174,10438
13990,50.66872,-120.35844,175,10563
13990,50.66908,-120.35696,176,10672
13990,50.66919,-120.35653,177,10708
13990,50.66924,-120.35659,178,10714
13990,50.66979,-120.35534,179,10821
13990,50.66985,-120.35514,180,10835
13990,50.66987,-120.35494,181,10849
13990,50.66986,-120.35461,182,10871
13990,50.66991,-120.35441,183,10885
13990,50.67097,-120.35443,184,11001
13990,50.67162,-120.35417,185,11074
13990,50.67222,-120.35369,186,11148
13990,50.67243,-120.35329,187,11191
13990,50.67248,-120.35338,188,11198
13990,50.67314,-120.3521,189,11311
13990,50.6738,-120.34985,190,11484
13990,50.67393,-120.34903,191,11542
13990,50.67388,-120.34835,192,11590
13990,50.67329,-120.34673,193,11720
13990,50.67245,-120.34495,194,11875
13990,50.67192,-120.34361,195,11985
13990,50.67154,-120.34206,196,12100
13990,50.67139,-120.34046,197,12212
13990,50.67137,-120.33734,198,12429
13990,50.67137,-120.33464,199,12619
13990,50.67137,-120.33447,200,12630
13990,50.67182,-120.33436,201,12683
13990,50.67182,-120.33445,202,12689
13990,50.67275,-120.33443,203,12791
13990,50.67356,-120.33432,204,12888
13990,50.67356,-120.33443,205,12895
13990,50.67451,-120.33443,206,12999
13990,50.67466,-120.33432,207,13021
13990,50.67466,-120.33442,208,13028
13990,50.67495,-120.33442,209,13060
13990,50.67495,-120.33211,210,13222
13990,50.6749,-120.3314,211,13277
13990,50.67495,-120.33133,212,13286
13990,50.67494,-120.32984,213,13389
13990,50.67493,-120.32715,214,13577
13990,50.6756,-120.32706,215,13656
13990,50.6756,-120.32715,216,13662
13990,50.67667,-120.32714,217,13778
13990,50.67677,-120.32708,218,13790
13990,50.67689,-120.32708,219,13802
13990,50.67692,-120.32691,220,13814
13990,50.67685,-120.32626,221,13868
13994,50.67676,-120.32578,0,0
13994,50.67673,-120.32698,1,88
13994,50.67667,-120.32714,2,101
13994,50.67667,-120.32959,3,273
13994,50.67667,-120.33115,4,382
13994,50.67667,-120.332,5,442
13994,50.67539,-120.33201,6,584
13994,50.67495,-120.33201,7,632
13994,50.6749,-120.3314,8,680
13994,50.67495,-120.33133,9,689
13994,50.67494,-120.32984,10,792
13994,50.67493,-120.32715,11,980
13994,50.67482,-120.32667,12,1026
13994,50.67493,-120.32667,13,1038
13994,50.67493,-120.32429,14,1204
13994,50.67478,-120.32177,15,1396
13994,50.67492,-120.32177,16,1411
13994,50.67491,-120.32032,17,1512
13994,50.67489,-120.31823,18,1658
13994,50.67433,-120.31639,19,1802
13994,50.67393,-120.31565,20,1883
13994,50.67405,-120.31555,21,1898
13994,50.67363,-120.3142,22,2002
13994,50.6732,-120.31285,23,2106
13994,50.67307,-120.31135,24,2219
13994,50.67314,-120.31135,25,2227
13994,50.67314,-120.30938,26,2366
13994,50.67314,-120.30759,27,2491
13994,50.67308,-120.30692,28,2543
13994,50.67313,-120.30672,29,2562
13994,50.67303,-120.30578,30,2626
13994,50.67323,-120.30456,31,2714
13994,50.67328,-120.30309,32,2817
13994,50.67313,-120.30045,33,3002
13994,50.67306,-120.29908,34,3098
13994,50.67262,-120.29738,35,3227
13994,50.6724,-120.29566,36,3349
13994,50.6723,-120.29461,37,3427
13994,50.67247,-120.29327,38,3526
13994,50.67255,-120.29303,39,3545
13994,50.67302,-120.29223,40,3621
13994,50.67415,-120.29111,41,3768
13994,50.67446,-120.29061,42,3823
13994,50.6745,-120.29068,43,3829
13994,50.67494,-120.28998,44,3897
13994,50.67506,-120.28956,45,3929
13994,50.67517,-120.28811,46,4037
13994,50.67524,-120.28813,47,4044
13994,50.6755,-120.28595,48,4199
13994,50.67576,-120.28377,49,4354
13994,50.67574,-120.28341,50,4385
13994,50.6758,-120.28343,51,4392
13994,50.6761,-120.28093,52,4571
13994,50.67619,-120.28013,53,4627
13994,50.67597,-120.27701,54,4847
13994,50.67589,-120.27675,55,4871
13994,50.67595,-120.27675,56,4877
13994,50.67583,-120.27497,57,5000
13994,50.67563,-120.27238,58,5185
13994,50.6771,-120.27234,59,5349
13994,50.6774,-120.27225,60,5387
13994,50.6774,-120.27234,61,5393
13994,50.67857,-120.27231,62,5521
13994,50.67904,-120.2723,63,5573
13994,50.67902,-120.27183,64,5606
13994,50.67899,-120.2717,65,5615
13994,50.67882,-120.27153,66,5644
13994,50.6789,-120.27146,67,5654
13994,50.67869,-120.27087,68,5701
13994,50.67868,-120.26891,69,5839
13994,50.67868,-120.26856,70,5863
13994,50.67977,-120.26822,71,5986
13994,50.68025,-120.26807,72,6040
13994,50.68008,-120.26701,73,6122
13994,50.68014,-120.26699,74,6128
13994,50.67994,-120.26558,75,6230
13994,50.67963,-120.264,76,6346
13994,50.67954,-120.26367,77,6369
13994,50.67942,-120.26362,78,6383
13994,50.67918,-120.26376,79,6411
13994,50.67873,-120.26183,80,6561
13994,50.67879,-120.2618,81,6567
13994,50.67866,-120.26117,82,6613
13994,50.67852,-120.26133,83,6632
13994,50.67737,-120.26199,84,6772
13994,50.67637,-120.26229,85,6890
13994,50.67625,-120.26242,86,6910
13994,50.67581,-120.2625,87,6963
13994,50.67535,-120.26284,88,7018
13994,50.67493,-120.26331,89,7074
13994,50.67346,-120.26389,90,7240
13994,50.67326,-120.26411,91,7266
13994,50.67312,-120.26437,92,7289
13994,50.67304,-120.26467,93,7311
13994,50.67305,-120.26577,94,7388
13994,50.67296,-120.26619,95,7419
13994,50.67277,-120.26651,96,7449
13994,50.67256,-120.26669,97,7475
13994,50.6711,-120.26722,98,7641
13994,50.67076,-120.26747,99,7683
13994,50.66991,-120.26841,100,7798
13994,50.66963,-120.26858,101,7831
13994,50.66931,-120.26861,102,7867
13994,50.66901,-120.2685,103,7900
13994,50.66877,-120.26833,104,7929
13994,50.66798,-120.26734,105,8041
13994,50.66728,-120.2662,106,8152
13994,50.666,-120.26515,107,8311
13994,50.66579,-120.26483,108,8343
13994,50.66564,-120.26443,109,8375
13994,50.66556,-120.26398,110,8407
13994,50.66558,-120.26302,111,8475
13994,50.6655,-120.26261,112,8505
13994,50.66532,-120.26225,113,8537
13994,50.66512,-120.26205,114,8563
13994,50.66487,-120.26192,115,8592
13994,50.66294,-120.2619,116,8806
13994,50.6624,-120.26198,117,8866
13994,50.66223,-120.26206,118,8886
13994,50.66126,-120.26221,119,8993
13994,50.6612,-120.26229,120,9001
13994,50.66116,-120.26248,121,9015
13994,50.66118,-120.26281,122,9040
13994,50.66113,-120.26285,123,9047
13994,50.66115,-120.26431,124,9148
13994,50.66124,-120.26573,125,9248
13994,50.66082,-120.26576,126,9294
13994,50.66067,-120.26572,127,9311
13994,50.66038,-120.26548,128,9346
13994,50.66012,-120.26516,129,9385
13994,50.65991,-120.26464,130,9431
13994,50.66009,-120.26421,131,9466
13994,50.66021,-120.26377,132,9499
13994,50.66031,-120.26278,133,9569
13994,50.66016,-120.26157,134,9664
13994,50.66023,-120.26156,135,9672
13994,50.66006,-120.25903,136,9851
13994,50.65992,-120.25792,137,9938
13994,50.65999,-120.25791,138,9946
13994,50.65979,-120.25475,139,10170
13994,50.6607,-120.2546,140,10271
13994,50.66101,-120.25442,141,10314
13994,50.66102,-120.25455,142,10322
13994,50.66205,-120.25437,143,10436
13994,50.66195,-120.2539,144,10477
13994,50.66202,-120.25389,145,10484
13994,50.66175,-120.24958,146,10790
13994,50.66167,-120.24908,147,10830
13994,50.66164,-120.24797,148,10913
13994,50.6614,-120.24663,149,11010
13994,50.66128,-120.24641,150,11030
13994,50.66058,-120.24593,151,11118
13994,50.65982,-120.24516,152,11221
13994,50.65973,-120.24493,153,11240
13994,50.65937,-120.24322,154,11373
13994,50.65944,-120.24319,155,11380
13994,50.65868,-120.23869,156,11709
13994,50.6584,-120.23731,157,11816
13994,50.65845,-120.23729,158,11822
13994,50.65804,-120.23479,159,12004
13994,50.65886,-120.23463,160,12100
13997,50.65886,-120.23463,0,0
13997,50.65886,-120.23472,1,6
13997,50.65925,-120.23473,2,49
13997,50.65952,-120.23789,3,281
13997,50.65945,-120.2379,4,288
13997,50.65948,-120.23834,5,319
13997,50.65868,-120.23869,6,411
13997,50.6588,-120.23905,7,445
13997,50.65874,-120.23907,8,451
13997,50.65937,-120.24279,9,723
13997,50.65948,-120.24315,10,755
13997,50.65973,-120.24493,11,888
13997,50.65982,-120.24516,12,907
13997,50.66033,-120.24561,13,971
13997,50.66064,-120.2457,14,1010
13997,50.66082,-120.24593,15,1040
13997,50.66135,-120.24637,16,1105
13997,50.66146,-120.24659,17,1124
13997,50.66153,-120.24682,18,1142
13997,50.6618,-120.24845,19,1265
13997,50.66174,-120.24846,20,1271
13997,50.66207,-120.25354,21,1631
13997,50.66218,-120.25429,22,1691
13997,50.66212,-120.2543,23,1697
13997,50.66226,-120.2565,24,1852
13997,50.66223,-120.2568,25,1873
13997,50.66209,-120.2571,26,1899
13997,50.66194,-120.25727,27,1919
13997,50.66144,-120.25764,28,1985
13997,50.66139,-120.25758,29,1993
13997,50.66119,-120.25769,30,2016
13997,50.66103,-120.25788,31,2036
13997,50.66093,-120.25815,32,2058
13997,50.66089,-120.25847,33,2081
13997,50.66109,-120.2609,34,2256
13997,50.66107,-120.26109,35,2272
13997,50.66113,-120.262,36,2336
13997,50.66125,-120.26209,37,2350
13997,50.66487,-120.26192,38,2750
13997,50.66512,-120.26205,39,2779
13997,50.66532,-120.26225,40,2805
13997,50.6655,-120.26261,41,2837
13997,50.66558,-120.26302,42,2867
13997,50.66556,-120.26398,43,2935
13997,50.66564,-120.26443,44,2967
13997,50.66579,-120.26483,45,2999
13997,50.666,-120.26515,46,3031
13997,50.66728,-120.2662,47,3190
13997,50.66796,-120.26732,48,3299
13997,50.66877,-120.26833,49,3413
13997,50.66901,-120.2685,50,3442
13997,50.66931,-120.26861,51,3475
13997,50.66963,-120.26858,52,3511
13997,50.66991,-120.26841,53,3544
13997,50.67076,-120.26747,54,3659
13997,50.6711,-120.26722,55,3701
13997,50.67256,-120.26669,56,3867
13997,50.67277,-120.26651,57,3893
13997,50.67296,-120.26619,58,3923
13997,50.67305,-120.26577,59,3954
13997,50.67304,-120.26467,60,4031
13997,50.67312,-120.26437,61,4053
13997,50.67326,-120.26411,62,4076
13997,50.67345,-120.26391,63,4101
13997,50.67478,-120.26338,64,4251
13997,50.67543,-120.26252,65,4343
13997,50.67661,-120.26195,66,4485
13997,50.67662,-120.26204,67,4491
13997,50.67768,-120.26163,68,4612
13997,50.67791,-120.26137,69,4649
13997,50.67793,-120.26149,70,4657
13997,50.67848,-120.2612,71,4721
13997,50.67866,-120.26117,72,4741
13997,50.6789,-120.26211,73,4816
13997,50.67918,-120.26376,74,4940
13997,50.67942,-120.26362,75,4968
13997,50.67954,-120.26367,76,4982
13997,50.67994,-120.26558,77,5121
13997,50.68015,-120.26668,78,5208
13997,50.6801,-120.2667,79,5214
13997,50.68025,-120.26807,80,5310
13997,50.67893,-120.26848,81,5459
13997,50.67868,-120.26856,82,5487
13997,50.67868,-120.27041,83,5616
13997,50.67869,-120.27087,84,5649
13997,50.67893,-120.27139,85,5697
13997,50.67902,-120.27183,86,5732
13997,50.67904,-120.2723,87,5765
13997,50.67787,-120.27233,88,5894
13997,50.67679,-120.27241,89,6015
13997,50.67563,-120.27238,90,6147
13997,50.67585,-120.27475,91,6320
13997,50.67583,-120.27497,92,6339
13997,50.67594,-120.27658,93,6451
13997,50.6761,-120.27889,94,6613
13997,50.67619,-120.28013,95,6700
13997,50.67591,-120.28249,96,6868
13997,50.67572,-120.2844,97,7007
13997,50.6755,-120.28595,98,7121
13997,50.67528,-120.28778,99,7251
13997,50.67519,-120.28889,100,7332
13997,50.67514,-120.28896,101,7341
13997,50.67506,-120.28956,102,7384
13997,50.67494,-120.28998,103,7416
13997,50.67425,-120.29106,104,7525
13997,50.67415,-120.29111,105,7539
13997,50.6733,-120.2919,106,7648
13997,50.67302,-120.29223,107,7686
13997,50.67255,-120.29303,108,7762
13997,50.67247,-120.29327,109,7781
13997,50.67233,-120.29484,110,7891
13997,50.67251,-120.29613,111,7989
13997,50.67248,-120.29636,112,8009
13997,50.67319,-120.29955,113,8245
13997,50.67332,-120.30225,114,8436
13997,50.67333,-120.30388,115,8550
13997,50.67319,-120.30542,116,8658
13997,50.67305,-120.30596,117,8698
13997,50.67295,-120.30619,118,8716
13997,50.67286,-120.3063,119,8728
13997,50.67219,-120.30774,120,8855
13997,50.67142,-120.30918,121,8989
13997,50.67136,-120.30941,122,9006
13997,50.67138,-120.31037,123,9077
13997,50.67135,-120.31179,124,9181
13997,50.67139,-120.31222,125,9215
13997,50.67136,-120.31422,126,9360
13997,50.67136,-120.31663,127,9530
13997,50.67143,-120.31698,128,9561
13997,50.67137,-120.31698,129,9568
13997,50.67137,-120.31904,130,9713
13997,50.67138,-120.32146,131,9883
13997,50.67151,-120.32178,132,9920
13997,50.67138,-120.32178,133,9935
13997,50.67138,-120.3243,134,10113
13997,50.67142,-120.32466,135,10142
13997,50.67141,-120.32647,136,10273
13997,50.67142,-120.32718,137,10323
13997,50.67274,-120.32717,138,10468
13997,50.67291,-120.32702,139,10496
13997,50.67291,-120.32717,140,10506
13997,50.67404,-120.32716,141,10630
13997,50.67427,-120.32707,142,10661
13997,50.67427,-120.32716,143,10667
13997,50.67539,-120.32715,144,10790
13997,50.6756,-120.32706,145,10819
13997,50.6756,-120.32715,146,10825
13997,50.67667,-120.32714,147,10941
13997,50.67677,-120.32708,148,10953
13997,50.67689,-120.32708,149,10965
13997,50.67692,-120.32691,150,10977
13997,50.67693,-120.32546,151,11079
13997,50.67692,-120.32536,152,11086
13997,50.67685,-120.32524,153,11097
13997,50.67676,-120.32526,154,11107
13997,50.67673,-120.32537,155,11114
13997,50.67676,-120.32578,156,11147
13998,50.67676,-120.32578,0,0
13998,50.67673,-120.32698,1,88
13998,50.67667,-120.32714,2,101
13998,50.67667,-120.32959,3,273
13998,50.67667,-120.33115,4,382
13998,50.67667,-120.332,5,442
13998,50.67539,-120.33201,6,584
13998,50.67495,-120.33201,7,632
13998,50.6749,-120.3314,8,680
13998,50.67495,-120.33133,9,689
13998,50.67494,-120.32984,10,792
13998,50.67493,-120.32715,11,980
13998,50.67482,-120.32667,12,1026
13998,50.67493,-120.32667,13,1038
13998,50.67493,-120.32429,14,1204
13998,50.67478,-120.32177,15,1396
13998,50.67492,-120.32177,16,1411
13998,50.67491,-120.32032,17,1512
13998,50.67489,-120.31823,18,1658
13998,50.67433,-120.31639,19,1802
13998,50.67393,-120.31565,20,1883
13998,50.67405,-120.31555,21,1898
13998,50.67363,-120.3142,22,2002
13998,50.6732,-120.31285,23,2106
13998,50.67307,-120.31135,24,2219
13998,50.67314,-120.31135,25,2227
13998,50.67314,-120.30938,26,2366
13998,50.67314,-120.30759,27,2491
13998,50.67308,-120.30692,28,2543
13998,50.67313,-120.30672,29,2562
13998,50.67303,-120.30578,30,2626
13998,50.67323,-120.30456,31,2714
13998,50.67328,-120.30309,32,2817
13998,50.67313,-120.30045,33,3002
13998,50.67306,-120.29908,34,3098
13998,50.67262,-120.29738,35,3227
13998,50.6724,-120.29566,36,3349
13998,50.6723,-120.29461,37,3427
13998,50.67247,-120.29327,38,3526
13998,50.67255,-120.29303,39,3545
13998,50.67302,-120.29223,40,3621
13998,50.67415,-120.29111,41,3768
13998,50.67446,-120.29061,42,3823
13998,50.6745,-120.29068,43,3829
13998,50.67494,-120.28998,44,3897
13998,50.67506,-120.28956,45,3929
13998,50.67517,-120.28811,46,4037
13998,50.67524,-120.28813,47,4044
13998,50.6755,-120.28595,48,4199
13998,50.67576,-120.28377,49,4354
13998,50.67574,-120.28341,50,4385
13998,50.6758,-120.28343,51,4392
13998,50.6761,-120.28093,52,4571
13998,50.67619,-120.28013,53,4627
13998,50.67597,-120.27701,54,4847
13998,50.67589,-120.27675,55,4871
13998,50.67595,-120.27675,56,4877
13998,50.67583,-120.27497,57,5000
13998,50.67563,-120.27238,58,5185
13998,50.6771,-120.27234,59,5349
13998,50.6774,-120.27225,60,5387
13998,50.6774,-120.27234,61,5393
13998,50.67857,-120.27231,62,5521
13998,50.67904,-120.2723,63,5573
13998,50.67902,-120.27183,64,5606
13998,50.67899,-120.2717,65,5615
13998,50.67882,-120.27153,66,5644
13998,50.6789,-120.27146,67,5654
13998,50.67869,-120.27087,68,5701
13998,50.67868,-120.26891,69,5839
13998,50.67868,-120.26856,70,5863
13998,50.67977,-120.26822,71,5986
13998,50.68025,-120.26807,72,6040
13998,50.68008,-120.26701,73,6122
13998,50.68014,-120.26699,74,6128
13998,50.67994,-120.26558,75,6230
13998,50.67963,-120.264,76,6346
13998,50.67954,-120.26367,77,6369
13998,50.67942,-120.26362,78,6383
13998,50.67918,-120.26376,79,6411
13998,50.67873,-120.26183,80,6561
13998,50.67879,-120.2618,81,6567
13998,50.67866,-120.26117,82,6613
13998,50.67852,-120.26133,83,6632
13998,50.67737,-120.26199,84,6772
13998,50.67637,-120.26229,85,6890
13998,50.67615,-120.26135,86,6966
13998,50.67622,-120.26132,87,6973
13998,50.6754,-120.25717,88,7279
13998,50.67521,-120.25651,89,7334
13998,50.6749,-120.25486,90,7460
13998,50.67439,-120.2525,91,7635
13998,50.67419,-120.25184,92,7690
13998,50.67368,-120.2493,93,7883
13998,50.67343,-120.24671,94,8068
13998,50.67324,-120.24543,95,8166
13998,50.6733,-120.24542,96,8173
13998,50.67303,-120.24254,97,8376
13998,50.67288,-120.24168,98,8444
13998,50.67294,-120.24166,99,8450
13998,50.6727,-120.23915,100,8629
13998,50.67257,-120.23841,101,8687
13998,50.6724,-120.23619,102,8849
13998,50.6721,-120.23463,103,8963
13998,50.67181,-120.23332,104,9059
13998,50.67167,-120.233,105,9086
13998,50.67126,-120.2325,106,9146
13998,50.67043,-120.2304,107,9324
13998,50.66998,-120.22887,108,9442
13998,50.66994,-120.22843,109,9473
13998,50.66998,-120.22799,110,9504
13998,50.67009,-120.22766,111,9530
13998,50.67037,-120.22733,112,9573
13998,50.67038,-120.22742,113,9579
13998,50.67051,-120.22735,114,9594
13998,50.6705,-120.22727,115,9600
13998,50.67052,-120.22719,116,9606
13998,50.67055,-120.22712,117,9612
13998,50.67065,-120.22708,118,9622
13998,50.67073,-120.22714,119,9631
13998,50.67156,-120.22679,120,9728
13998,50.67173,-120.22652,121,9755
13998,50.67177,-120.2263,122,9771
13998,50.67179,-120.22595,123,9795
13998,50.67098,-120.22207,124,10081
13998,50.67088,-120.22059,125,10185
13998,50.671,-120.21918,126,10285
13998,50.67158,-120.21631,127,10496
13998,50.67176,-120.2143,128,10639
13998,50.67173,-120.21333,129,10707
13998,50.67016,-120.20621,130,11239
13998,50.66964,-120.20396,131,11407
13998,50.66915,-120.20054,132,11653
13998,50.66898,-120.19788,133,11842
13998,50.66914,-120.19206,134,12252
13998,50.66925,-120.18858,135,12498
13998,50.6692,-120.18796,136,12542
13998,50.66914,-120.18781,137,12554
13998,50.66892,-120.18758,138,12583
13998,50.66817,-120.18724,139,12668
13998,50.66807,-120.18724,140,12678
13998,50.66794,-120.18734,141,12694
13998,50.66787,-120.18737,142,12701
13998,50.66757,-120.18778,143,12750
13998,50.66732,-120.18795,144,12785
13998,50.66604,-120.1893,145,12954
13998,50.66575,-120.18946,146,12987
13998,50.66546,-120.1895,147,13019
13998,50.66517,-120.18939,148,13052
13998,50.6649,-120.18916,149,13086
13998,50.66468,-120.18883,150,13119
13998,50.66457,-120.18854,151,13143
13998,50.66435,-120.18713,152,13244
13998,50.66422,-120.18659,153,13285
13998,50.66399,-120.18606,154,13330
13998,50.66343,-120.18536,155,13409
13998,50.66267,-120.18502,156,13496
13998,50.66132,-120.18494,157,13646
13998,50.65981,-120.1852,158,13813
13998,50.65831,-120.18506,159,13979
13998,50.65793,-120.18498,160,14021
13998,50.6576,-120.1848,161,14060
13998,50.65712,-120.18436,162,14126
13998,50.65715,-120.18429,163,14132
13998,50.65593,-120.18284,164,14301
13998,50.6549,-120.18188,165,14432
13998,50.65469,-120.18178,166,14459
13998,50.65464,-120.18168,167,14470
13998,50.65343,-120.18079,168,14617
13998,50.65241,-120.17997,169,14743
13998,50.65117,-120.17966,170,14888
13998,50.65118,-120.17957,171,14894
13998,50.65095,-120.17952,172,14919
13998,50.65081,-120.17935,173,14939
13998,50.65068,-120.17898,174,14968
13998,50.65058,-120.17847,175,15005
13998,50.64994,-120.17743,176,15106
13998,50.6497,-120.17719,177,15137
13998,50.64973,-120.17699,178,15151
13998,50.64959,-120.17657,179,15189
13998,50.64955,-120.17619,180,15220
13998,50.64928,-120.17519,181,15297
13998,50.64931,-120.17448,182,15346
13998,50.64954,-120.17413,183,15386
13998,50.64957,-120.17421,184,15392
13998,50.64975,-120.17415,185,15411
13998,50.65102,-120.17424,186,15551
13998,50.65246,-120.17469,187,15718
13998,50.65278,-120.17487,188,15760
13998,50.65383,-120.17415,189,15887
13998,50.654,-120.17388,190,15913
13998,50.65409,-120.17346,191,15945
13998,50.65412,-120.17221,192,16033
13998,50.65407,-120.17182,193,16061
13998,50.65395,-120.17147,194,16088
13998,50.65321,-120.17024,195,16207
13998,50.65301,-120.16963,196,16260
13998,50.65185,-120.16476,197,16634
13998,50.65174,-120.16423,198,16675
13998,50.65074,-120.16272,199,16832
13998,50.6506,-120.16233,200,16867
13998,50.6498,-120.1633,201,16979
13998,50.64932,-120.16365,202,17037
13998,50.64918,-120.16403,203,17072
13998,50.6491,-120.1642,204,17090
13998,50.64903,-120.16539,205,17174
13998,50.64893,-120.16569,206,17197
13998,50.6488,-120.16592,207,17219
13998,50.64828,-120.16643,208,17288
13998,50.64719,-120.16718,209,17423
13998,50.64612,-120.16833,210,17565
13998,50.64581,-120.16861,211,17604
13998,50.64547,-120.16909,212,17654
13998,50.64562,-120.16985,213,17715
13998,50.64569,-120.17037,214,17757
13998,50.64593,-120.17107,215,17812
13998,50.64666,-120.17203,216,17917
13998,50.64788,-120.17463,217,18150
13998,50.64853,-120.176,218,18273
13998,50.64946,-120.17681,219,18397
13998,50.64942,-120.1769,220,18405
13998,50.65028,-120.17792,221,18523
13998,50.65058,-120.17847,222,18573
13998,50.65068,-120.17898,223,18610
13998,50.65079,-120.17909,224,18630
13998,50.65074,-120.17914,225,18637
13998,50.65081,-120.17935,226,18653
13998,50.65095,-120.17952,227,18673
13998,50.65232,-120.17994,228,18828
13998,50.65241,-120.17997,229,18838
13998,50.6534,-120.18078,230,18962
13998,50.65451,-120.18159,231,19095
13998,50.65511,-120.18194,232,19173
13998,50.65508,-120.18204,233,19181
13998,50.65588,-120.18277,234,19282
13998,50.65665,-120.18374,235,19391
13998,50.65736,-120.18439,236,19488
13998,50.65732,-120.18448,237,19495
13998,50.6576,-120.1848,238,19532
13998,50.65793,-120.18498,239,19571
13998,50.65941,-120.18523,240,19735
13998,50.66098,-120.18495,241,19910
13998,50.66267,-120.18502,242,20096
13998,50.66343,-120.18536,243,20183
13998,50.66399,-120.18606,244,20262
13998,50.66422,-120.18659,245,20307
13998,50.66457,-120.18854,246,20449
13998,50.66468,-120.18883,247,20473
13998,50.6649,-120.18916,248,20506
13998,50.66517,-120.18939,249,20540
13998,50.66546,-120.1895,250,20573
13998,50.66575,-120.18946,251,20605
13998,50.66604,-120.1893,252,20638
13998,50.66715,-120.18813,253,20786
13998,50.66774,-120.18739,254,20874
13998,50.66777,-120.18747,255,20880
13998,50.66787,-120.18737,256,20893
13998,50.668,-120.18709,257,20916
13998,50.66802,-120.18696,258,20925
13998,50.66795,-120.18642,259,20962
13998,50.66797,-120.18634,260,20968
13998,50.66798,-120.18464,261,21088
13998,50.66802,-120.18297,262,21205
13998,50.66801,-120.18183,263,21290
13998,50.66807,-120.18165,264,21307
13998,50.66806,-120.18095,265,21355
13998,50.66803,-120.18079,266,21366
13998,50.66801,-120.1802,267,21407
13998,50.66794,-120.17984,268,21432
13998,50.6679,-120.17975,269,21439
13998,50.66796,-120.17966,270,21448
13998,50.66809,-120.17932,271,21476
13998,50.66798,-120.17726,272,21625
13998,50.66801,-120.17656,273,21678
13998,50.66782,-120.17569,274,21742
13998,50.66669,-120.17325,275,21955
13998,50.66654,-120.17304,276,21980
13998,50.66652,-120.17288,277,21994
13998,50.66604,-120.17157,278,22100
13998,50.66567,-120.16976,279,22238
13998,50.66529,-120.16717,280,22431
13998,50.66471,-120.16397,281,22670
13998,50.66477,-120.16395,282,22676
13998,50.66456,-120.1609,283,22892
13998,50.66459,-120.15946,284,22993
13998,50.66479,-120.15739,285,23145
13998,50.66486,-120.15729,286,23158
13998,50.66523,-120.15449,287,23358
13998,50.66566,-120.15093,288,23619
13998,50.66595,-120.14924,289,23746
13998,50.66609,-120.14822,290,23819
13998,50.66607,-120.14749,291,23870
13998,50.6658,-120.14585,292,23989
13998,50.66566,-120.14534,293,24032
13998,50.66567,-120.14513,294,24050
13998,50.66544,-120.14374,295,24151
13998,50.6646,-120.13984,296,24441
13998,50.66424,-120.13834,297,24554
13998,50.66374,-120.13651,298,24699
13998,50.6638,-120.13648,299,24705
13998,50.66312,-120.13304,300,24957
13998,50.66285,-120.13205,301,25039
13998,50.66291,-120.13202,302,25045
13998,50.66242,-120.12972,303,25215
13998,50.6622,-120.12915,304,25266
13998,50.66208,-120.12873,305,25302
13998,50.66117,-120.12753,306,25433
13998,50.66032,-120.12648,307,25552
13998,50.65963,-120.1253,308,25665
13998,50.65903,-120.12363,309,25800
13998,50.65879,-120.12303,310,25854
13998,50.65813,-120.12084,311,26029
13998,50.65783,-120.1195,312,26129
13998,50.65769,-120.11636,313,26350
13998,50.65764,-120.11434,314,26493
13998,50.65757,-120.11181,315,26671
13998,50.65752,-120.11003,316,26796
13998,50.65736,-120.10876,317,26885
13998,50.6565,-120.10604,318,27098
13998,50.65622,-120.10543,319,27156
13998,50.65627,-120.10539,320,27162
13998,50.65578,-120.104,321,27272
13998,50.65557,-120.10298,322,27347
13998,50.65551,-120.10137,323,27460
13998,50.65558,-120.09981,324,27570
13998,50.65561,-120.09817,325,27684
13998,50.65554,-120.09729,326,27751
13998,50.65545,-120.09383,327,27999
13998,50.65552,-120.09292,328,28063
13998,50.65583,-120.09135,329,28178
13998,50.65557,-120.08671,330,28507
13998,50.65548,-120.08394,331,28709
13998,50.65554,-120.08395,332,28716
13998,50.65559,-120.08238,333,28825
13998,50.65556,-120.08053,334,28954
13998,50.65552,-120.08017,335,28979
13998,50.65495,-120.08041,336,29042
13998,50.65469,-120.079,337,29143
13998,50.65461,-120.07874,338,29167
14002,50.67676,-120.3266,0,0
14002,50.71127,-120.38149,1,7600
14004,50.71127,-120.38149,0,0
14004,50.86033,-120.26536,1,23000
14006,50.67676,-120.32578,0,0
14006,50.67084,-120.36846,1,5700
14010,50.70887,-120.37521,0,0
14010,50.70885,-120.37688,1,121
14010,50.70889,-120.37728,2,148
14010,50.70923,-120.37837,3,233
14010,50.7093,-120.37875,4,260
14010,50.70934,-120.38032,5,370
14010,50.70939,-120.38058,6,393
14010,50.70938,-120.38243,7,528
14010,50.70941,-120.38401,8,639
14010,50.70948,-120.38455,9,680
14010,50.70943,-120.3846,10,688
14010,50.70947,-120.38635,11,812
14010,50.70955,-120.38799,12,931
14010,50.70953,-120.38865,13,981
14010,50.70842,-120.38868,14,1104
14010,50.70793,-120.38869,15,1157
14010,50.70786,-120.38917,16,1196
14010,50.70734,-120.39076,17,1326
14010,50.70637,-120.39267,18,1504
14010,50.70632,-120.3926,19,1511
14010,50.70614,-120.39295,20,1542
14010,50.70584,-120.39436,21,1647
14010,50.7057,-120.39521,22,1708
14010,50.70578,-120.39733,23,1863
14010,50.70572,-120.39733,24,1869
14010,50.70572,-120.39758,25,1886
14010,50.70774,-120.39757,26,2110
14010,50.70784,-120.39921,27,2233
14010,50.70781,-120.40116,28,2372
14010,50.70788,-120.4019,29,2430
14010,50.70781,-120.4019,30,2436
14010,50.70782,-120.40361,31,2556
14010,50.70787,-120.40444,32,2617
14010,50.70783,-120.40473,33,2641
14010,50.70783,-120.40671,34,2778
14010,50.7079,-120.41014,35,3022
14010,50.70786,-120.41048,36,3049
14010,50.70789,-120.41368,37,3275
14010,50.70794,-120.41551,38,3408
14010,50.7079,-120.41585,39,3435
14010,50.70699,-120.41587,40,3536
14010,50.70643,-120.416,41,3606
14010,50.70643,-120.41588,42,3614
14010,50.70597,-120.41589,43,3664
14010,50.70598,-120.41767,44,3790
14010,50.70601,-120.42112,45,4031
14010,50.70625,-120.42096,46,4065
14015,50.67676,-120.32633,0,0
14015,50.67673,-120.32698,1,50
14015,50.67667,-120.32714,2,63
14015,50.67667,-120.32959,3,235
14015,50.67667,-120.33115,4,344
14015,50.67671,-120.3329,5,471
14015,50.67667,-120.33314,6,491
14015,50.67668,-120.33469,7,599
14015,50.67668,-120.33667,8,738
14015,50.67673,-120.3374,9,792
14015,50.67669,-120.33752,10,804
14015,50.67664,-120.33896,11,904
14015,50.67665,-120.34044,12,1005
14015,50.67693,-120.342,13,1117
14015,50.67728,-120.34351,14,1228
14015,50.67744,-120.34399,15,1269
14015,50.67741,-120.34408,16,1278
14015,50.67746,-120.34426,17,1291
14015,50.67747,-120.34447,18,1305
14015,50.67801,-120.34633,19,1448
14015,50.67861,-120.34821,20,1594
14015,50.67868,-120.34837,21,1608
14015,50.67877,-120.3491,22,1658
14015,50.67868,-120.35063,23,1762
14015,50.67881,-120.35119,24,1802
14015,50.67891,-120.35139,25,1819
14015,50.67903,-120.3515,26,1834
14015,50.67926,-120.35158,27,1860
14015,50.67952,-120.35154,28,1888
14015,50.68289,-120.34896,29,2304
14015,50.68471,-120.34761,30,2526
14015,50.68564,-120.34726,31,2631
14015,50.68621,-120.34716,32,2698
14015,50.68621,-120.34725,33,2704
14015,50.68713,-120.34745,34,2805
14015,50.68807,-120.348,35,2915
14015,50.6883,-120.34811,36,2945
14015,50.68898,-120.349,37,3047
14015,50.6897,-120.35001,38,3154
14015,50.69031,-120.35069,39,3243
14015,50.69025,-120.35079,40,3251
14015,50.69108,-120.35194,41,3373
14015,50.69179,-120.35279,42,3477
14015,50.69175,-120.35287,43,3484
14015,50.69265,-120.35413,44,3617
14015,50.69297,-120.3544,45,3664
14015,50.69292,-120.3545,46,3673
14015,50.69377,-120.35559,47,3793
14015,50.69483,-120.35596,48,3913
14015,50.69507,-120.35589,49,3945
14015,50.69505,-120.356,50,3953
14015,50.69518,-120.356,51,3967
14015,50.69631,-120.35659,52,4096
14015,50.69658,-120.35666,53,4131
14015,50.69747,-120.35736,54,4243
14015,50.6981,-120.35808,55,4327
14015,50.69836,-120.35853,56,4369
14015,50.69812,-120.35885,57,4404
14015,50.69801,-120.35914,58,4426
14015,50.69794,-120.35967,59,4465
14015,50.6979,-120.35971,60,4472
14015,50.69783,-120.3601,61,4500
14015,50.69784,-120.3617,62,4610
14015,50.6978,-120.36185,63,4621
14015,50.69827,-120.3624,64,4685
14015,50.69918,-120.36277,65,4787
14015,50.70014,-120.36293,66,4896
14015,50.70027,-120.36304,67,4916
14015,50.70141,-120.36327,68,5043
14015,50.70258,-120.36337,69,5178
14015,50.70257,-120.36347,70,5185
14015,50.70354,-120.36364,71,5292
14015,50.7041,-120.36365,72,5359
14015,50.70409,-120.36374,73,5365
14015,50.70516,-120.36392,74,5483
14015,50.70616,-120.36409,75,5594
14015,50.70668,-120.3641,76,5656
14015,50.70667,-120.36418,77,5662
14015,50.70827,-120.36446,78,5839
14015,50.70853,-120.36451,79,5868
14015,50.7098,-120.36523,80,6016
14015,50.71004,-120.36538,81,6045
14015,50.71016,-120.36538,82,6057
14015,50.71116,-120.36589,83,6173
14015,50.71169,-120.36591,84,6229
14015,50.71223,-120.36567,85,6290
14015,50.71306,-120.36488,86,6396
14015,50.71386,-120.36381,87,6518
14015,50.7139,-120.36389,88,6525
14015,50.71509,-120.36231,89,6697
14015,50.71533,-120.36183,90,6747
14015,50.71538,-120.36193,91,6755
14015,50.71654,-120.3604,92,6923
14015,50.71711,-120.3597,93,7005
14015,50.71713,-120.35978,94,7011
14015,50.71766,-120.3595,95,7071
14015,50.71906,-120.35955,96,7228
14015,50.7199,-120.35985,97,7328
14015,50.72101,-120.35985,98,7451
14015,50.72132,-120.35971,99,7491
14015,50.72133,-120.3598,100,7497
14015,50.7237,-120.35899,101,7766
14015,50.72455,-120.35863,102,7868
14015,50.72456,-120.35872,103,7874
14015,50.72604,-120.35835,104,8040
14015,50.72711,-120.35823,105,8160
14015,50.72865,-120.35895,106,8337
14015,50.72884,-120.35907,107,8360
14015,50.72922,-120.35904,108,8408
14015,50.72921,-120.35916,109,8416
14015,50.72929,-120.35918,110,8424
14015,50.73081,-120.35894,111,8594
14015,50.73163,-120.35866,112,8694
14015,50.73164,-120.35878,113,8702
14015,50.73332,-120.35846,114,8890
14015,50.73432,-120.35826,115,9002
14015,50.73533,-120.35814,116,9112
14015,50.73654,-120.35832,117,9246
14015,50.73677,-120.35822,118,9279
14015,50.73677,-120.35834,119,9287
14015,50.73874,-120.35814,120,9506
14015,50.74018,-120.35793,121,9665
14015,50.74135,-120.35739,122,9799
14015,50.74146,-120.35724,123,9819
14015,50.74147,-120.35733,124,9825
14015,50.74186,-120.35711,125,9871
14015,50.74228,-120.35702,126,9917
14015,50.74445,-120.35719,127,10159
14015,50.74525,-120.35733,128,10252
14015,50.74523,-120.35742,129,10258
14015,50.74614,-120.3581,130,10369
14015,50.74709,-120.35836,131,10475
14015,50.74806,-120.35809,132,10584
14015,50.74879,-120.35744,133,10676
14015,50.74968,-120.35622,134,10806
14015,50.75063,-120.35531,135,10928
14015,50.7509,-120.35494,136,10973
14015,50.75093,-120.35501,137,10979
14015,50.7524,-120.35359,138,11170
14015,50.75326,-120.35276,139,11282
14015,50.75356,-120.35233,140,11334
14015,50.75361,-120.35244,141,11342
14015,50.75464,-120.35145,142,11475
14015,50.75572,-120.35041,143,11616
14015,50.75606,-120.34999,144,11669
14015,50.75609,-120.35007,145,11675
14015,50.757,-120.3492,146,11791
14015,50.7574,-120.34894,147,11839
14015,50.75887,-120.34886,148,12002
14015,50.75926,-120.34877,149,12050
14015,50.75926,-120.34886,150,12056
14015,50.76053,-120.34885,151,12196
14015,50.76166,-120.34872,152,12328
14015,50.76166,-120.34881,153,12334
14015,50.76371,-120.34766,154,12575
14015,50.7655,-120.34647,155,12790
14015,50.76579,-120.34618,156,12832
14015,50.76581,-120.34627,157,12838
14015,50.7671,-120.34541,158,12991
14015,50.76814,-120.34472,159,13113
14015,50.76918,-120.34404,160,13236
14015,50.76948,-120.34371,161,13284
14015,50.76951,-120.34382,162,13292
14015,50.77047,-120.34319,163,13407
14015,50.77139,-120.34255,164,13518
14015,50.77173,-120.34222,165,13568
14015,50.77175,-120.34233,166,13576
14015,50.7738,-120.34099,167,13821
14015,50.77407,-120.34072,168,13862
14015,50.77409,-120.3408,169,13868
14015,50.77508,-120.34017,170,13985
14015,50.77551,-120.33999,171,14035
14015,50.77544,-120.33919,172,14098
14015,50.77551,-120.33919,173,14105
14015,50.7755,-120.33699,174,14259
14015,50.7755,-120.33549,175,14364
14015,50.7755,-120.33398,176,14470
14015,50.77544,-120.3328,177,14558
14016,50.69778,-120.36016,0,0
14016,50.69783,-120.3601,1,9
14016,50.69801,-120.35914,2,77
14016,50.69812,-120.35885,3,99
14016,50.69836,-120.35853,4,134
14016,50.69881,-120.35961,5,222
14016,50.6991,-120.36101,6,325
14016,50.6993,-120.36223,7,413
14016,50.69947,-120.36271,8,451
14016,50.69954,-120.36281,9,461
14016,50.69972,-120.36291,10,481
14016,50.70014,-120.36293,11,531
14016,50.70027,-120.36304,12,551
14016,50.70141,-120.36327,13,678
14016,50.70258,-120.36337,14,813
14016,50.70257,-120.36347,15,820
14016,50.70354,-120.36364,16,927
14016,50.7041,-120.36365,17,994
14016,50.70409,-120.36374,18,1000
14016,50.70516,-120.36392,19,1118
14016,50.70616,-120.36409,20,1229
14016,50.70668,-120.3641,21,1291
14016,50.70667,-120.36418,22,1297
14016,50.70827,-120.36446,23,1474
14016,50.70853,-120.36451,24,1503
14016,50.7098,-120.36523,25,1651
14016,50.71004,-120.36538,26,1680
14016,50.71016,-120.36538,27,1692
14016,50.71118,-120.36597,28,1811
14016,50.71171,-120.36629,29,1874
14016,50.71214,-120.36634,30,1918
14016,50.71301,-120.36596,31,2016
14016,50.71326,-120.36593,32,2043
14016,50.71391,-120.36614,33,2116
14016,50.7147,-120.36683,34,2219
14016,50.71552,-120.36827,35,2359
14016,50.71454,-120.36967,36,2504
14016,50.71405,-120.37005,37,2564
14016,50.7124,-120.37021,38,2747
14016,50.71197,-120.37034,39,2796
14016,50.71201,-120.37064,40,2817
14016,50.71217,-120.37078,41,2843
14016,50.71209,-120.37085,42,2852
14016,50.71217,-120.37108,43,2870
14016,50.71237,-120.37142,44,2903
14016,50.71304,-120.37183,45,2982
14016,50.71344,-120.37233,46,3039
14016,50.71366,-120.37247,47,3065
14016,50.71384,-120.37251,48,3085
14016,50.71413,-120.37248,49,3117
14016,50.71405,-120.3721,50,3151
14016,50.71413,-120.3721,51,3159
14016,50.71407,-120.37054,52,3274
14016,50.71405,-120.37005,53,3313
14016,50.71454,-120.36967,54,3373
14016,50.71533,-120.36855,55,3490
14016,50.71552,-120.36827,56,3518
14016,50.71614,-120.36903,57,3605
14016,50.7166,-120.36934,58,3660
14016,50.71735,-120.36943,59,3749
14016,50.71735,-120.36952,60,3755
14016,50.71919,-120.36914,61,3962
14016,50.71949,-120.36914,62,3995
14016,50.72005,-120.36942,63,4058
14016,50.72043,-120.36992,64,4113
14016,50.72059,-120.37024,65,4141
14016,50.72093,-120.37127,66,4222
14016,50.72154,-120.37043,67,4319
14016,50.72159,-120.37051,68,4327
14016,50.72173,-120.37028,69,4349
14016,50.72114,-120.36932,70,4443
14016,50.72097,-120.36914,71,4465
14016,50.72058,-120.36892,72,4510
14016,50.72039,-120.36872,73,4535
14016,50.72017,-120.36835,74,4571
14016,50.72006,-120.36797,75,4600
14016,50.72001,-120.36646,76,4706
14016,50.71996,-120.36546,77,4780
14016,50.72005,-120.36508,78,4813
14016,50.72019,-120.36471,79,4843
14016,50.72035,-120.36448,80,4866
14016,50.72054,-120.36432,81,4890
14016,50.72073,-120.36424,82,4911
14016,50.72202,-120.36458,83,5056
14016,50.72236,-120.36444,84,5101
14016,50.72236,-120.36457,85,5109
14016,50.72278,-120.36456,86,5155
14016,50.72278,-120.36716,87,5337
14016,50.72276,-120.36735,88,5350
14016,50.7226,-120.36783,89,5389
14018,50.67676,-120.3266,0,0
14018,50.67673,-120.32698,1,31
14018,50.67667,-120.32714,2,44
14018,50.67667,-120.32959,3,216
14018,50.67667,-120.33115,4,325
14018,50.67671,-120.3329,5,452
14018,50.67667,-120.33314,6,472
14018,50.67668,-120.33469,7,580
14018,50.67668,-120.33667,8,719
14018,50.67673,-120.3374,9,773
14018,50.67669,-120.33752,10,785
14018,50.67664,-120.33896,11,885
14018,50.67665,-120.34044,12,986
14018,50.67693,-120.342,13,1098
14018,50.67728,-120.34351,14,1209
14018,50.67744,-120.34399,15,1250
14018,50.67741,-120.34408,16,1259
14018,50.67746,-120.34426,17,1272
14018,50.67747,-120.34447,18,1286
14018,50.67812,-120.34669,19,1456
14018,50.67861,-120.34821,20,1575
14018,50.67868,-120.34837,21,1589
14018,50.67877,-120.3491,22,1639
14018,50.67868,-120.35063,23,1743
14018,50.67881,-120.35119,24,1783
14018,50.67891,-120.35139,25,1800
14018,50.67903,-120.3515,26,1815
14018,50.67926,-120.35158,27,1841
14018,50.67952,-120.35154,28,1869
14018,50.68289,-120.34896,29,2285
14018,50.68303,-120.34885,30,2302
14018,50.6834,-120.34817,31,2364
14018,50.6837,-120.34737,32,2429
14018,50.68391,-120.34709,33,2459
14018,50.68411,-120.34702,34,2481
14018,50.68445,-120.34708,35,2517
14018,50.6847,-120.34735,36,2549
14018,50.68494,-120.34802,37,2602
14018,50.68508,-120.34909,38,2678
14018,50.68488,-120.35135,39,2842
14018,50.68482,-120.35141,40,2853
14018,50.68458,-120.35281,41,2955
14018,50.68457,-120.35311,42,2975
14018,50.68491,-120.35465,43,3087
14018,50.68499,-120.35489,44,3106
14018,50.68538,-120.35547,45,3165
14018,50.68633,-120.35614,46,3284
14018,50.68747,-120.35721,47,3436
14018,50.68775,-120.35738,48,3473
14018,50.6878,-120.35751,49,3487
14018,50.68869,-120.3579,50,3589
14018,50.68886,-120.35784,51,3614
14018,50.68884,-120.35796,52,3622
14018,50.68984,-120.35836,53,3735
14018,50.69086,-120.35874,54,3851
14018,50.69158,-120.35903,55,3932
14018,50.69155,-120.35957,56,3974
14018,50.69148,-120.35972,57,3990
14018,50.69129,-120.36108,58,4086
14018,50.69131,-120.3613,59,4101
14018,50.69138,-120.36163,60,4125
14018,50.69199,-120.36281,61,4237
14018,50.69194,-120.36287,62,4244
14018,50.69264,-120.36441,63,4376
14018,50.69312,-120.36537,64,4464
14018,50.69323,-120.36573,65,4495
14018,50.69432,-120.36453,66,4642
14018,50.69457,-120.36413,67,4688
14018,50.69461,-120.36423,68,4696
14018,50.69579,-120.36299,69,4852
14018,50.69651,-120.36478,70,5001
14018,50.6966,-120.3654,71,5051
14018,50.69654,-120.3654,72,5057
14018,50.69659,-120.36801,73,5240
14018,50.69662,-120.36901,74,5317
14018,50.69654,-120.369,75,5325
14018,50.69652,-120.3695,76,5360
14018,50.69722,-120.37016,77,5450
14018,50.69808,-120.37151,78,5589
14018,50.69861,-120.37266,79,5693
14018,50.69962,-120.37266,80,5805
14018,50.70073,-120.37266,81,5927
14018,50.70143,-120.3726,82,6007
14018,50.70163,-120.37268,83,6033
14018,50.70294,-120.37266,84,6178
14018,50.70361,-120.37253,85,6260
14018,50.70361,-120.37265,86,6268
14018,50.70474,-120.37262,87,6392
14018,50.70589,-120.3725,88,6523
14018,50.70589,-120.3726,89,6529
14018,50.707,-120.37257,90,6651
14018,50.70808,-120.37254,91,6770
14018,50.70834,-120.37242,92,6806
14018,50.70834,-120.37254,93,6814
14018,50.70876,-120.37253,94,6860
14018,50.70882,-120.37481,95,7021
14018,50.70887,-120.37521,96,7054
14018,50.70885,-120.37688,97,7175
14018,50.70889,-120.37728,98,7202
14018,50.70923,-120.37837,99,7287
14018,50.7093,-120.37875,100,7314
14018,50.70934,-120.38032,101,7424
14018,50.70939,-120.38058,102,7447
14018,50.70938,-120.38243,103,7582
14018,50.70941,-120.38401,104,7693
14018,50.70948,-120.38455,105,7734
14018,50.70943,-120.3846,106,7742
14018,50.70947,-120.38635,107,7866
14018,50.70955,-120.38799,108,7985
14018,50.70953,-120.38865,109,8035
14018,50.70842,-120.38868,110,8158
14018,50.70793,-120.38869,111,8211
14018,50.70786,-120.38917,112,8250
14018,50.70734,-120.39076,113,8380
14018,50.70637,-120.39267,114,8558
14018,50.70632,-120.3926,115,8565
14018,50.70614,-120.39295,116,8596
14018,50.70584,-120.39436,117,8701
14018,50.7057,-120.39521,118,8762
14018,50.70578,-120.39733,119,8917
14018,50.70572,-120.39733,120,8923
14018,50.70572,-120.39758,121,8940
14018,50.70774,-120.39757,122,9164
14018,50.70784,-120.39921,123,9287
14018,50.70781,-120.40116,124,9426
14018,50.70788,-120.4019,125,9484
14018,50.70781,-120.4019,126,9490
14018,50.70782,-120.40361,127,9610
14018,50.70787,-120.40444,128,9671
14018,50.70783,-120.40473,129,9695
14018,50.70783,-120.40671,130,9832
14018,50.7079,-120.41014,131,10076
14018,50.70786,-120.41048,132,10103
14018,50.70789,-120.41368,133,10329
14018,50.70794,-120.41551,134,10462
14018,50.7079,-120.41585,135,10489
14018,50.70699,-120.41587,136,10590
14018,50.70643,-120.416,137,10660
14018,50.70643,-120.41588,138,10668
14018,50.70597,-120.41589,139,10718
14018,50.70598,-120.41767,140,10844
14018,50.70601,-120.42112,141,11085
14018,50.70625,-120.42096,142,11119
14020,50.69778,-120.36016,0,0
14020,50.67676,-120.32633,1,5200
14021,50.71127,-120.38149,0,0
14021,50.67685,-120.32592,1,7600
14030,50.71127,-120.38149,0,0
14030,50.77544,-120.3328,1,9600
14031,50.65372,-120.40195,0,0
14031,50.65367,-120.40198,1,6
14031,50.65391,-120.40332,2,104
14031,50.6535,-120.40348,3,150
14031,50.65216,-120.40346,4,302
14031,50.6518,-120.4032,5,349
14031,50.65155,-120.4029,6,383
14031,50.65099,-120.40144,7,502
14031,50.6507,-120.39976,8,628
14031,50.6508,-120.3989,9,693
14031,50.65137,-120.39737,10,823
14031,50.65142,-120.39746,11,831
14031,50.65203,-120.39655,12,923
14031,50.65246,-120.39695,13,984
14031,50.65242,-120.39704,14,991
14031,50.65324,-120.39804,15,1106
14031,50.6537,-120.39834,16,1168
14031,50.65367,-120.39844,17,1175
14031,50.6551,-120.39972,18,1355
14031,50.65673,-120.40098,19,1556
14031,50.65715,-120.40119,20,1608
14031,50.65725,-120.40135,21,1628
14031,50.65761,-120.40147,22,1669
14031,50.65799,-120.40146,23,1711
14031,50.6582,-120.40138,24,1734
14031,50.6586,-120.40102,25,1783
14031,50.65918,-120.39986,26,1898
14031,50.65926,-120.40001,27,1912
14031,50.65944,-120.39974,28,1938
14031,50.65948,-120.39954,29,1953
14031,50.65911,-120.39866,30,2025
14031,50.65907,-120.39837,31,2046
14031,50.65907,-120.39751,32,2105
14031,50.65875,-120.39592,33,2223
14031,50.65883,-120.39605,34,2235
14031,50.65874,-120.3956,35,2267
14031,50.65847,-120.39488,36,2326
14031,50.6578,-120.39391,37,2426
14031,50.6571,-120.39309,38,2521
14031,50.65693,-120.39277,39,2549
14031,50.65679,-120.3922,40,2591
14031,50.65676,-120.39154,41,2638
14031,50.6566,-120.39092,42,2683
14031,50.65606,-120.3901,43,2770
14031,50.65609,-120.39004,44,2776
14031,50.65549,-120.38857,45,2897
14031,50.655,-120.38638,46,3060
14031,50.65473,-120.38515,47,3156
14031,50.65476,-120.38504,48,3167
14031,50.6544,-120.38393,49,3253
14031,50.65426,-120.38369,50,3275
14031,50.65398,-120.38343,51,3311
14031,50.65349,-120.38327,52,3365
14031,50.65343,-120.38327,53,3372
14031,50.65324,-120.3834,54,3393
14031,50.65319,-120.38347,55,3400
14031,50.6531,-120.38368,56,3416
14031,50.65303,-120.38373,57,3424
14031,50.65294,-120.38371,58,3432
14031,50.65287,-120.38362,59,3442
14031,50.65285,-120.38348,60,3452
14031,50.65227,-120.38172,61,3591
14031,50.65186,-120.38032,62,3698
14031,50.65183,-120.38024,63,3704
14031,50.65181,-120.38005,64,3717
14031,50.65287,-120.37923,65,3846
14031,50.65414,-120.37829,66,4000
14031,50.65458,-120.37796,67,4052
14031,50.65466,-120.37775,68,4069
14031,50.65468,-120.37738,69,4094
14031,50.65449,-120.37614,70,4185
14031,50.65454,-120.3761,71,4192
14031,50.65457,-120.37562,72,4225
14031,50.65465,-120.37518,73,4256
14031,50.65492,-120.37435,74,4320
14031,50.65529,-120.37374,75,4379
14031,50.65534,-120.37356,76,4392
14031,50.65535,-120.37334,77,4405
14031,50.65532,-120.37318,78,4417
14031,50.65501,-120.3727,79,4465
14031,50.65518,-120.37244,80,4491
14031,50.65523,-120.37239,81,4497
14031,50.65569,-120.37211,82,4556
14031,50.65571,-120.37219,83,4562
14031,50.65656,-120.37182,84,4656
14031,50.65671,-120.37168,85,4675
14031,50.65683,-120.37151,86,4692
14031,50.65736,-120.37036,87,4792
14031,50.65778,-120.36986,88,4846
14031,50.65826,-120.36956,89,4902
14031,50.65891,-120.36947,90,4973
14031,50.66029,-120.36974,91,5125
14031,50.66114,-120.36969,92,5226
14031,50.66114,-120.36978,93,5232
14031,50.66181,-120.36983,94,5304
14031,50.6627,-120.37048,95,5412
14031,50.66367,-120.3713,96,5533
14031,50.66422,-120.37172,97,5605
14031,50.66418,-120.3718,98,5612
14031,50.66486,-120.37257,99,5703
14031,50.66507,-120.37267,100,5726
14031,50.66521,-120.37269,101,5740
14031,50.66541,-120.37265,102,5761
14031,50.66565,-120.37249,103,5788
14031,50.66581,-120.37227,104,5810
14031,50.66628,-120.37099,105,5912
14031,50.66645,-120.37062,106,5943
14031,50.66697,-120.37005,107,6015
14031,50.66698,-120.37016,108,6022
14031,50.66792,-120.36999,109,6123
14031,50.66766,-120.3682,110,6250
14031,50.66753,-120.36665,111,6359
14031,50.66755,-120.3651,112,6467
14031,50.66764,-120.3641,113,6538
14031,50.66808,-120.36409,114,6593
14031,50.66806,-120.36421,115,6601
14031,50.669,-120.36444,116,6705
14031,50.66996,-120.36468,117,6811
14031,50.67014,-120.36494,118,6838
14031,50.67026,-120.36531,119,6868
14031,50.67023,-120.36552,120,6886
14031,50.67028,-120.36576,121,6903
14031,50.67038,-120.366,122,6923
14031,50.67052,-120.3662,123,6943
14031,50.67114,-120.36672,124,7020
14031,50.67126,-120.36707,125,7048
14031,50.6713,-120.36741,126,7071
14031,50.67122,-120.36778,127,7098
14031,50.67074,-120.36864,128,7188
14032,50.71127,-120.38149,0,0
14032,50.67688,-120.32563,1,7600
14036,50.7226,-120.36783,0,0
14036,50.72247,-120.36818,1,31
14036,50.72245,-120.36843,2,48
14036,50.72249,-120.36866,3,64
14036,50.72258,-120.36893,4,85
14036,50.7233,-120.36814,5,183
14036,50.72338,-120.36834,6,199
14036,50.72349,-120.36848,7,214
14036,50.72366,-120.3686,8,234
14036,50.72381,-120.36865,9,251
14036,50.72583,-120.36855,10,483
14036,50.72583,-120.36867,11,491
14036,50.72926,-120.36872,12,872
14036,50.72968,-120.36864,13,924
14036,50.72967,-120.36873,14,930
14036,50.73137,-120.36874,15,1117
14036,50.7324,-120.36872,16,1231
14036,50.73256,-120.36864,17,1254
14036,50.73256,-120.36872,18,1260
14036,50.73356,-120.36873,19,1371
14036,50.73354,-120.36702,20,1491
14036,50.73273,-120.36659,21,1586
14036,50.73254,-120.36659,22,1606
14036,50.73239,-120.36665,23,1622
14036,50.73214,-120.3669,24,1657
14036,50.7316,-120.36697,25,1719
14036,50.73174,-120.36874,26,1845
14036,50.73041,-120.36874,27,1992
14036,50.72926,-120.36872,28,2119
14036,50.72919,-120.36856,29,2139
14036,50.72925,-120.36853,30,2146
14036,50.72923,-120.36839,31,2156
14036,50.72889,-120.36776,32,2214
14036,50.72872,-120.3676,33,2235
14036,50.72829,-120.36739,34,2285
14036,50.72695,-120.36629,35,2453
14036,50.72687,-120.36619,36,2464
14036,50.72662,-120.36558,37,2514
14036,50.72646,-120.36577,38,2538
14036,50.72542,-120.36642,39,2665
14036,50.72463,-120.36737,40,2775
14036,50.72441,-120.36757,41,2806
14036,50.72359,-120.36789,42,2901
14036,50.72258,-120.36893,43,3035
14036,50.7218,-120.37017,44,3156
14036,50.72125,-120.37098,45,3239
14036,50.72093,-120.37127,46,3279
14036,50.72059,-120.37024,47,3360
14036,50.72034,-120.3699,48,3400
14036,50.72026,-120.36967,49,3423
14036,50.72005,-120.36942,50,3452
14036,50.71949,-120.36914,51,3515
14036,50.71774,-120.3695,52,3712
14036,50.71779,-120.36914,53,3737
14036,50.71787,-120.36894,54,3754
14036,50.71802,-120.36873,55,3775
14036,50.71838,-120.36842,56,3820
14036,50.71851,-120.36816,57,3843
14036,50.71857,-120.36778,58,3870
14036,50.71857,-120.36537,59,4040
14036,50.71849,-120.36382,60,4154
14036,50.71856,-120.36386,61,4162
14036,50.71874,-120.36304,62,4223
14036,50.71875,-120.36171,63,4316
14036,50.71863,-120.36159,64,4332
14036,50.71849,-120.36171,65,4355
14036,50.71847,-120.36162,66,4361
14036,50.7184,-120.36166,67,4369
14036,50.71827,-120.36179,68,4385
14036,50.71816,-120.362,69,4404
14036,50.718,-120.36246,70,4440
14036,50.71788,-120.36266,71,4459
14036,50.71771,-120.36282,72,4481
14036,50.71734,-120.36297,73,4523
14036,50.71719,-120.36309,74,4542
14036,50.71704,-120.36333,75,4565
14036,50.71693,-120.36373,76,4596
14036,50.71676,-120.36526,77,4705
14036,50.71669,-120.36567,78,4735
14036,50.7166,-120.36596,79,4757
14036,50.71643,-120.36631,80,4788
14036,50.71621,-120.3666,81,4821
14036,50.71567,-120.36679,82,4884
14036,50.71528,-120.3667,83,4927
14036,50.71485,-120.3663,84,4982
14036,50.71472,-120.36625,85,4997
14036,50.7146,-120.36628,86,5010
14036,50.71452,-120.36638,87,5021
14036,50.71443,-120.36657,88,5038
14036,50.71422,-120.36644,89,5066
14036,50.71422,-120.36637,90,5072
14036,50.71391,-120.36614,91,5109
14036,50.71326,-120.36593,92,5182
14036,50.71301,-120.36596,93,5209
14036,50.7127,-120.36613,94,5245
14036,50.71255,-120.36629,95,5265
14036,50.71218,-120.36649,96,5307
14036,50.71181,-120.36651,97,5346
14036,50.71057,-120.36577,98,5492
14036,50.71014,-120.3655,99,5543
14036,50.71004,-120.36538,100,5557
14036,50.70915,-120.36484,101,5663
14036,50.70879,-120.36468,102,5703
14036,50.70788,-120.36459,103,5804
14036,50.70697,-120.36449,104,5905
14036,50.7068,-120.3644,105,5926
14036,50.7057,-120.3642,106,6048
14036,50.70513,-120.36417,107,6114
14036,50.70367,-120.3639,108,6283
14036,50.70358,-120.36383,109,6296
14036,50.70217,-120.36365,110,6457
14036,50.70128,-120.36342,111,6560
14036,50.69993,-120.36322,112,6713
14036,50.69854,-120.36272,113,6871
14036,50.69823,-120.3625,114,6908
14036,50.69775,-120.36194,115,6973
14036,50.69783,-120.36178,116,6987
14036,50.69778,-120.36016,117,7102
14038,50.67676,-120.3269,0,0
14038,50.67667,-120.32714,1,23
14038,50.67667,-120.32959,2,195
14038,50.67667,-120.33115,3,304
14038,50.67671,-120.3329,4,431
14038,50.67667,-120.33314,5,451
14038,50.67668,-120.33469,6,559
14038,50.67668,-120.33667,7,698
14038,50.67673,-120.3374,8,752
14038,50.67669,-120.33752,9,764
14038,50.67664,-120.33896,10,864
14038,50.67665,-120.34044,11,965
14038,50.67693,-120.342,12,1077
14038,50.67728,-120.34351,13,1188
14038,50.67744,-120.34399,14,1229
14038,50.67741,-120.34408,15,1238
14038,50.67746,-120.34426,16,1251
14038,50.67747,-120.34447,17,1265
14038,50.67812,-120.34669,18,1435
14038,50.67861,-120.34821,19,1554
14038,50.67868,-120.34837,20,1568
14038,50.67877,-120.3491,21,1618
14038,50.67868,-120.35063,22,1722
14038,50.67881,-120.35119,23,1762
14038,50.67891,-120.35139,24,1779
14038,50.67903,-120.3515,25,1794
14038,50.67926,-120.35158,26,1820
14038,50.67952,-120.35154,27,1848
14038,50.68289,-120.34896,28,2264
14038,50.68303,-120.34885,29,2281
14038,50.6834,-120.34817,30,2343
14038,50.6837,-120.34737,31,2408
14038,50.68391,-120.34709,32,2438
14038,50.68411,-120.34702,33,2460
14038,50.68445,-120.34708,34,2496
14038,50.6847,-120.34735,35,2528
14038,50.68494,-120.34802,36,2581
14038,50.68508,-120.34909,37,2657
14038,50.68488,-120.35135,38,2821
14038,50.68482,-120.35141,39,2832
14038,50.68458,-120.35281,40,2934
14038,50.68457,-120.35311,41,2954
14038,50.68491,-120.35465,42,3066
14038,50.68499,-120.35489,43,3085
14038,50.68538,-120.35547,44,3144
14038,50.68633,-120.35614,45,3263
14038,50.68747,-120.35721,46,3415
14038,50.68775,-120.35738,47,3452
14038,50.6878,-120.35751,48,3466
14038,50.68869,-120.3579,49,3568
14038,50.68886,-120.35784,50,3593
14038,50.68884,-120.35796,51,3601
14038,50.68984,-120.35836,52,3714
14038,50.69086,-120.35874,53,3830
14038,50.69234,-120.35933,54,3997
14038,50.6927,-120.35936,55,4042
14038,50.69268,-120.35946,56,4049
14038,50.69422,-120.36005,57,4224
14038,50.6953,-120.36046,58,4345
14038,50.6958,-120.36047,59,4403
14038,50.69588,-120.36058,60,4417
14038,50.69684,-120.3609,61,4525
14038,50.69702,-120.36098,62,4545
14038,50.6978,-120.36185,63,4648
14038,50.69783,-120.36178,64,4654
14038,50.69783,-120.36023,65,4760
14038,50.69788,-120.35954,66,4812
14038,50.69795,-120.35944,67,4826
14038,50.69801,-120.35914,68,4847
14038,50.69812,-120.35885,69,4869
14038,50.69836,-120.35853,70,4904
14038,50.69881,-120.35961,71,4992
14038,50.6991,-120.36101,72,5095
14038,50.69937,-120.36268,73,5215
14038,50.69968,-120.36428,74,5334
14038,50.69993,-120.3661,75,5467
14038,50.70017,-120.3677,76,5583
14038,50.70047,-120.36925,77,5702
14038,50.70042,-120.36927,78,5708
14038,50.70071,-120.37116,79,5843
14038,50.70092,-120.37266,80,5949
14038,50.70104,-120.37319,81,5992
14038,50.70125,-120.37502,82,6126
14038,50.7015,-120.37623,83,6223
14038,50.70142,-120.37626,84,6232
14038,50.70164,-120.37765,85,6333
14038,50.70188,-120.37922,86,6445
14038,50.70209,-120.38003,87,6515
14038,50.70201,-120.38007,88,6524
14038,50.70246,-120.38263,89,6710
14038,50.70263,-120.38402,90,6810
14038,50.70276,-120.38482,91,6871
14038,50.7028,-120.38587,92,6948
14038,50.70268,-120.3868,93,7014
14038,50.70218,-120.38845,94,7142
14038,50.70191,-120.38925,95,7208
14038,50.70125,-120.39057,96,7328
14038,50.70046,-120.39226,97,7475
14038,50.69994,-120.39362,98,7593
14038,50.69988,-120.39357,99,7600
14038,50.69966,-120.3945,100,7670
14038,50.69962,-120.39488,101,7696
14038,50.69969,-120.39644,102,7805
14038,50.69988,-120.39884,103,7977
14038,50.69985,-120.3991,104,7999
14038,50.70006,-120.40148,105,8174
14038,50.70001,-120.40149,106,8180
14038,50.70013,-120.40337,107,8313
14038,50.70019,-120.40422,108,8373
14038,50.70034,-120.40469,109,8415
14038,50.70028,-120.40472,110,8421
14038,50.70059,-120.40631,111,8536
14038,50.70092,-120.40806,112,8663
14038,50.70109,-120.4087,113,8715
14038,50.70139,-120.41051,114,8848
14038,50.70159,-120.4117,115,8938
14038,50.70166,-120.41408,116,9109
14038,50.70173,-120.41557,117,9213
14038,50.7018,-120.41637,118,9272
14038,50.70192,-120.42052,119,9568
14038,50.70201,-120.42293,120,9736
14038,50.70249,-120.42291,121,9794
14038,50.70248,-120.423,122,9800
14038,50.7034,-120.42314,123,9900
14038,50.70422,-120.42255,124,10000
14038,50.7044,-120.42227,125,10034
14038,50.70443,-120.42238,126,10042
14038,50.70532,-120.42169,127,10151
14038,50.70585,-120.42115,128,10225
14040,50.71127,-120.38149,0,0
14040,50.67676,-120.32606,1,7600
14041,50.67074,-120.36864,0,0
14041,50.71127,-120.38149,1,10300
14043,50.71127,-120.38149,0,0
14043,50.70887,-120.37521,1,2300
14044,50.67676,-120.32606,0,0
14044,50.67673,-120.32698,1,69
14044,50.67667,-120.32714,2,82
14044,50.67667,-120.32959,3,254
14044,50.67667,-120.33115,4,363
14044,50.67667,-120.332,5,423
14044,50.67539,-120.33201,6,565
14044,50.6746,-120.33207,7,655
14044,50.67451,-120.33201,8,668
14044,50.67318,-120.33202,9,814
14044,50.6729,-120.33209,10,850
14044,50.67274,-120.33202,11,872
14044,50.67194,-120.33208,12,963
14044,50.67188,-120.33203,13,972
14044,50.6712,-120.33202,14,1044
14044,50.67115,-120.33195,15,1051
14044,50.67101,-120.33157,16,1080
14044,50.67096,-120.33148,17,1088
14044,50.67013,-120.33143,18,1180
14044,50.66997,-120.33136,19,1199
14044,50.66967,-120.33141,20,1233
14044,50.66956,-120.33136,21,1249
14044,50.6692,-120.33136,22,1287
14044,50.66914,-120.33036,23,1362
14044,50.66919,-120.33011,24,1385
14044,50.66984,-120.33007,25,1456
14044,50.67012,-120.32994,26,1487
14044,50.67101,-120.32993,27,1585
14044,50.67104,-120.32964,28,1606
14044,50.67133,-120.32961,29,1637
14044,50.67125,-120.32932,30,1665
14044,50.67133,-120.32932,31,1674
14044,50.67132,-120.32738,32,1809
14044,50.67138,-120.3243,33,2024
14044,50.67105,-120.32438,34,2066
14044,50.67095,-120.32431,35,2081
14044,50.66963,-120.32432,36,2227
14044,50.66942,-120.3244,37,2255
14044,50.66919,-120.32432,38,2285
14044,50.66772,-120.32435,39,2448
14044,50.66694,-120.32441,40,2538
14044,50.66685,-120.32435,41,2552
14044,50.66625,-120.32436,42,2619
14044,50.66611,-120.32448,43,2636
14044,50.66596,-120.32482,44,2664
14044,50.66596,-120.32728,45,2838
14044,50.66573,-120.32745,46,2870
14044,50.66555,-120.32746,47,2895
14044,50.66516,-120.32763,48,2939
14044,50.6649,-120.32765,49,2967
14044,50.66466,-120.32757,50,2993
14044,50.66447,-120.32734,51,3019
14044,50.66421,-120.32657,52,3085
14044,50.66428,-120.32655,53,3093
14044,50.66425,-120.32605,54,3128
14044,50.66442,-120.32385,55,3284
14044,50.66426,-120.32359,56,3319
14044,50.66441,-120.32358,57,3335
14044,50.66423,-120.32228,58,3426
14044,50.66423,-120.32036,59,3561
14044,50.66424,-120.3187,60,3679
14044,50.66448,-120.31802,61,3737
14044,50.66546,-120.31664,62,3883
14044,50.6656,-120.31624,63,3923
14044,50.66566,-120.31635,64,3933
14044,50.66725,-120.31424,65,4163
14044,50.66794,-120.31416,66,4245
14044,50.66794,-120.31424,67,4251
14044,50.66916,-120.31423,68,4385
14044,50.6696,-120.31424,69,4433
14044,50.66954,-120.31368,70,4477
14044,50.66959,-120.31181,71,4614
14044,50.66958,-120.3094,72,4784
14044,50.6699,-120.3093,73,4826
14044,50.6699,-120.30941,74,4833
14044,50.6709,-120.3094,75,4943
14044,50.67136,-120.30941,76,4993
14044,50.67138,-120.31037,77,5064
14044,50.67135,-120.31179,78,5168
14044,50.67139,-120.31222,79,5202
14044,50.67136,-120.31422,80,5347
14044,50.67176,-120.31413,81,5397
14044,50.67176,-120.31422,82,5403
14044,50.67269,-120.31421,83,5503
14044,50.67313,-120.31419,84,5552
14044,50.67317,-120.31466,85,5588
14044,50.67314,-120.31662,86,5729
14044,50.67315,-120.31903,87,5899
14044,50.67319,-120.31936,88,5926
14044,50.67316,-120.32145,89,6077
14044,50.67313,-120.3243,90,6278
14044,50.67291,-120.32436,91,6305
14044,50.67183,-120.32432,92,6427
14044,50.67138,-120.3243,93,6476
14044,50.67142,-120.32466,94,6505
14044,50.67141,-120.32647,95,6636
14044,50.67143,-120.32862,96,6787
14044,50.67149,-120.33004,97,6892
14044,50.67144,-120.33004,98,6898
14044,50.67144,-120.33203,99,7036
14044,50.67146,-120.3336,100,7146
14044,50.67157,-120.33396,101,7184
14044,50.67146,-120.33397,102,7196
14044,50.67146,-120.33445,103,7229
14044,50.67275,-120.33443,104,7369
14044,50.67356,-120.33432,105,7466
14044,50.67356,-120.33443,106,7473
14044,50.67451,-120.33443,107,7577
14044,50.67466,-120.33432,108,7599
14044,50.67466,-120.33442,109,7606
14044,50.67495,-120.33442,110,7638
14044,50.67495,-120.33211,111,7800
14044,50.6749,-120.3314,112,7855
14044,50.67495,-120.33133,113,7864
14044,50.67494,-120.32984,114,7967
14044,50.67493,-120.32715,115,8155
14044,50.6756,-120.32706,116,8234
14044,50.6756,-120.32715,117,8240
14044,50.67667,-120.32714,118,8356
14044,50.67677,-120.32708,119,8368
14044,50.67689,-120.32708,120,8380
14044,50.67692,-120.32691,121,8392
14044,50.67693,-120.32546,122,8494
14044,50.67692,-120.32536,123,8501
14044,50.67685,-120.32524,124,8512
14044,50.67676,-120.32526,125,8522
14044,50.67673,-120.32537,126,8529
14044,50.67676,-120.32606,127,8581
14045,50.65461,-120.07874,0,0
14045,50.65465,-120.07867,1,9
14045,50.65448,-120.07771,2,79
14045,50.65448,-120.07752,3,92
14045,50.65457,-120.07746,4,103
14045,50.65506,-120.07735,5,157
14045,50.65447,-120.0734,6,442
14045,50.65435,-120.073,7,473
14045,50.65317,-120.07109,8,659
14045,50.65292,-120.07015,9,731
14045,50.65286,-120.06965,10,766
14045,50.65291,-120.06806,11,878
14045,50.65321,-120.06798,12,911
14045,50.65407,-120.06713,13,1022
14045,50.65557,-120.07804,14,1808
14045,50.65758,-120.0911,15,2756
14045,50.65938,-120.1044,16,3717
14045,50.65973,-120.10759,17,3945
14045,50.65976,-120.11068,18,4163
14045,50.65947,-120.11484,19,4458
14045,50.65984,-120.11885,20,4744
14045,50.65955,-120.11905,21,4784
14045,50.65954,-120.11896,22,4790
14045,50.65859,-120.11929,23,4895
14045,50.65809,-120.11943,24,4951
14045,50.65799,-120.11956,25,4965
14045,50.65794,-120.11971,26,4977
14045,50.65792,-120.12,27,4997
14045,50.65866,-120.12247,28,5190
14045,50.65905,-120.12352,29,5278
14045,50.65903,-120.12363,30,5288
14045,50.65956,-120.1251,31,5407
14045,50.65963,-120.1253,32,5423
14045,50.66032,-120.12648,33,5536
14045,50.66117,-120.12753,34,5655
14045,50.66185,-120.12827,35,5750
14045,50.66229,-120.12924,36,5838
14045,50.66278,-120.1314,37,6000
14045,50.6631,-120.13271,38,6102
14045,50.66312,-120.13304,39,6129
14045,50.66355,-120.13528,40,6294
14045,50.66386,-120.13652,41,6390
14045,50.66424,-120.13834,42,6529
14045,50.6646,-120.13984,43,6642
14045,50.66539,-120.1435,44,6915
14045,50.66575,-120.14521,45,7047
14045,50.66569,-120.14524,46,7054
14045,50.66607,-120.14749,47,7217
14045,50.66609,-120.14822,48,7268
14045,50.66582,-120.15013,49,7404
14045,50.66575,-120.15094,50,7466
14045,50.66529,-120.15407,51,7697
14045,50.66504,-120.15592,52,7829
14045,50.66487,-120.15762,53,7954
14045,50.66466,-120.1587,54,8038
14045,50.66456,-120.1609,55,8193
14045,50.66469,-120.16301,56,8342
14045,50.66495,-120.16478,57,8476
14045,50.66489,-120.1648,58,8482
14045,50.66519,-120.16658,59,8612
14045,50.66588,-120.17075,60,8916
14045,50.66628,-120.17235,61,9037
14045,50.66693,-120.1736,62,9154
14045,50.66688,-120.17365,63,9160
14045,50.66782,-120.17569,64,9338
14045,50.66803,-120.17642,65,9396
14045,50.66801,-120.17656,66,9409
14045,50.66806,-120.17839,67,9538
14045,50.66808,-120.18048,68,9683
14045,50.66808,-120.18078,69,9704
14045,50.66806,-120.18095,70,9716
14045,50.66809,-120.18211,71,9800
14045,50.66803,-120.18252,72,9833
14045,50.66815,-120.18281,73,9857
14045,50.66833,-120.18298,74,9879
14045,50.6685,-120.18291,75,9899
14045,50.66898,-120.18233,76,9965
14045,50.66911,-120.18226,77,9980
14045,50.66967,-120.18234,78,10041
14045,50.66967,-120.18297,79,10089
14045,50.66932,-120.19203,80,10731
14045,50.66916,-120.19782,81,11140
14045,50.66933,-120.20051,82,11330
14045,50.66963,-120.20285,83,11499
14045,50.67105,-120.20911,84,11968
14045,50.67173,-120.21201,85,12185
14045,50.67195,-120.21332,86,12280
14045,50.67191,-120.2154,87,12427
14045,50.67113,-120.2195,88,12727
14045,50.67103,-120.22085,89,12822
14045,50.67113,-120.22218,90,12915
14045,50.67205,-120.22658,91,13241
14045,50.67195,-120.22668,92,13253
14045,50.67111,-120.22718,93,13355
14045,50.67105,-120.22716,94,13363
14045,50.67076,-120.22726,95,13395
14045,50.67074,-120.2274,96,13405
14045,50.6707,-120.22746,97,13411
14045,50.67064,-120.22748,98,13417
14045,50.67059,-120.22747,99,13423
14045,50.67051,-120.22735,100,13434
14045,50.67022,-120.22749,101,13468
14045,50.67009,-120.22766,102,13486
14045,50.66998,-120.22799,103,13512
14045,50.66994,-120.22843,104,13543
14045,50.66998,-120.22887,105,13574
14045,50.67043,-120.2304,106,13692
14045,50.67089,-120.23175,107,13800
14045,50.67109,-120.23217,108,13837
14045,50.67167,-120.233,109,13923
14045,50.67191,-120.23365,110,13975
14045,50.67221,-120.23522,111,14089
14045,50.67233,-120.2356,112,14121
14045,50.67252,-120.2374,113,14253
14045,50.6727,-120.23915,114,14378
14045,50.67278,-120.23954,115,14410
14045,50.67303,-120.24254,116,14627
14045,50.67313,-120.24301,117,14667
14045,50.67307,-120.24302,118,14673
14045,50.67326,-120.24491,119,14807
14045,50.67344,-120.24633,120,14913
14045,50.67343,-120.24671,121,14944
14045,50.67368,-120.2493,122,15129
14045,50.67439,-120.2525,123,15368
14045,50.67451,-120.25289,124,15402
14045,50.6749,-120.25486,125,15550
14045,50.67534,-120.2569,126,15702
14045,50.67552,-120.25755,127,15756
14045,50.67598,-120.25999,128,15939
14045,50.67628,-120.26166,129,16061
14045,50.67635,-120.26214,130,16095
14045,50.67661,-120.26195,131,16132
14045,50.67662,-120.26204,132,16138
14045,50.67768,-120.26163,133,16259
14045,50.67791,-120.26137,134,16296
14045,50.67793,-120.26149,135,16304
14045,50.67848,-120.2612,136,16368
14045,50.67866,-120.26117,137,16388
14045,50.6789,-120.26211,138,16463
14045,50.67918,-120.26376,139,16587
14045,50.67942,-120.26362,140,16615
14045,50.67954,-120.26367,141,16629
14045,50.67994,-120.26558,142,16768
14045,50.68015,-120.26668,143,16855
14045,50.6801,-120.2667,144,16861
14045,50.68025,-120.26807,145,16957
14045,50.67893,-120.26848,146,17106
14045,50.67868,-120.26856,147,17134
14045,50.67868,-120.27041,148,17263
14045,50.67869,-120.27087,149,17296
14045,50.67893,-120.27139,150,17344
14045,50.67902,-120.27183,151,17379
14045,50.67904,-120.2723,152,17412
14045,50.67787,-120.27233,153,17541
14045,50.67679,-120.27241,154,17662
14045,50.67563,-120.27238,155,17794
14045,50.67585,-120.27475,156,17967
14045,50.67583,-120.27497,157,17986
14045,50.67594,-120.27658,158,18098
14045,50.6761,-120.27889,159,18260
14045,50.67619,-120.28013,160,18347
14045,50.67591,-120.28249,161,18515
14045,50.67572,-120.2844,162,18654
14045,50.6755,-120.28595,163,18768
14045,50.67528,-120.28778,164,18898
14045,50.67519,-120.28889,165,18979
14045,50.67514,-120.28896,166,18988
14045,50.67506,-120.28956,167,19031
14045,50.67494,-120.28998,168,19063
14045,50.67425,-120.29106,169,19172
14045,50.67415,-120.29111,170,19186
14045,50.6733,-120.2919,171,19295
14045,50.67302,-120.29223,172,19333
14045,50.67255,-120.29303,173,19409
14045,50.67247,-120.29327,174,19428
14045,50.67233,-120.29484,175,19538
14045,50.67251,-120.29613,176,19636
14045,50.67248,-120.29636,177,19656
14045,50.67319,-120.29955,178,19892
14045,50.67332,-120.30225,179,20083
14045,50.67333,-120.30388,180,20197
14045,50.67323,-120.30556,181,20314
14045,50.67318,-120.30688,182,20412
14045,50.67313,-120.30698,183,20423
14045,50.67314,-120.30938,184,20591
14045,50.67319,-120.31083,185,20698
14045,50.67315,-120.31246,186,20817
14045,50.6732,-120.31285,187,20845
14045,50.67362,-120.31418,188,20948
14045,50.67425,-120.31583,189,21091
14045,50.67417,-120.3159,190,21101
14045,50.67475,-120.31776,191,21247
14045,50.67534,-120.3196,192,21391
14045,50.67588,-120.32129,193,21529
14045,50.67581,-120.3213,194,21537
14045,50.67582,-120.32349,195,21690
14045,50.67582,-120.32503,196,21798
14045,50.67583,-120.32714,197,21947
14045,50.67667,-120.32714,198,22038
14045,50.67677,-120.32708,199,22050
14045,50.67689,-120.32708,200,22062
14045,50.67692,-120.32691,201,22074
14045,50.67693,-120.32546,202,22176
14045,50.67692,-120.32536,203,22183
14045,50.67685,-120.32524,204,22194
14045,50.67676,-120.32526,205,22204
14045,50.67673,-120.32537,206,22211
14045,50.67676,-120.32578,207,22244
14046,50.67688,-120.32563,0,0
14046,50.71127,-120.38149,1,7600
14047,50.67676,-120.32578,0,0
14047,50.67673,-120.32698,1,88
14047,50.67667,-120.32714,2,101
14047,50.67667,-120.32959,3,273
14047,50.67667,-120.33115,4,382
14047,50.67667,-120.332,5,442
14047,50.67539,-120.33201,6,584
14047,50.67495,-120.33201,7,632
14047,50.6749,-120.3314,8,680
14047,50.67495,-120.33133,9,689
14047,50.67494,-120.32984,10,792
14047,50.67493,-120.32715,11,980
14047,50.67482,-120.32667,12,1026
14047,50.67493,-120.32667,13,1038
14047,50.67493,-120.32429,14,1204
14047,50.67478,-120.32177,15,1396
14047,50.67492,-120.32177,16,1411
14047,50.67491,-120.32032,17,1512
14047,50.67489,-120.31823,18,1658
14047,50.67433,-120.31639,19,1802
14047,50.67393,-120.31565,20,1883
14047,50.67405,-120.31555,21,1898
14047,50.67363,-120.3142,22,2002
14047,50.6732,-120.31285,23,2106
14047,50.67307,-120.31135,24,2219
14047,50.67314,-120.31135,25,2227
14047,50.67314,-120.30938,26,2366
14047,50.67314,-120.30759,27,2491
14047,50.67308,-120.30692,28,2543
14047,50.67313,-120.30672,29,2562
14047,50.67303,-120.30578,30,2626
14047,50.67323,-120.30456,31,2714
14047,50.67328,-120.30309,32,2817
14047,50.67313,-120.30045,33,3002
14047,50.67306,-120.29908,34,3098
14047,50.67262,-120.29738,35,3227
14047,50.6724,-120.29566,36,3349
14047,50.6723,-120.29461,37,3427
14047,50.67247,-120.29327,38,3526
14047,50.67255,-120.29303,39,3545
14047,50.67302,-120.29223,40,3621
14047,50.67415,-120.29111,41,3768
14047,50.67446,-120.29061,42,3823
14047,50.6745,-120.29068,43,3829
14047,50.67494,-120.28998,44,3897
14047,50.67506,-120.28956,45,3929
14047,50.67517,-120.28811,46,4037
14047,50.67524,-120.28813,47,4044
14047,50.6755,-120.28595,48,4199
14047,50.67576,-120.28377,49,4354
14047,50.67574,-120.28341,50,4385
14047,50.6758,-120.28343,51,4392
14047,50.6761,-120.28093,52,4571
14047,50.67619,-120.28013,53,4627
14047,50.67597,-120.27701,54,4847
14047,50.67589,-120.27675,55,4871
14047,50.67595,-120.27675,56,4877
14047,50.67583,-120.27497,57,5000
14047,50.67563,-120.27238,58,5185
14047,50.6771,-120.27234,59,5349
14047,50.6774,-120.27225,60,5387
14047,50.6774,-120.27234,61,5393
14047,50.67857,-120.27231,62,5521
14047,50.67904,-120.2723,63,5573
14047,50.67902,-120.27183,64,5606
14047,50.67899,-120.2717,65,5615
14047,50.67882,-120.27153,66,5644
14047,50.6789,-120.27146,67,5654
14047,50.67869,-120.27087,68,5701
14047,50.67868,-120.26891,69,5839
14047,50.67868,-120.26856,70,5863
14047,50.67977,-120.26822,71,5986
14047,50.68025,-120.26807,72,6040
14047,50.68008,-120.26701,73,6122
14047,50.68014,-120.26699,74,6128
14047,50.67994,-120.26558,75,6230
14047,50.67963,-120.264,76,6346
14047,50.67954,-120.26367,77,6369
14047,50.67942,-120.26362,78,6383
14047,50.67918,-120.26376,79,6411
14047,50.67873,-120.26183,80,6561
14047,50.67879,-120.2618,81,6567
14047,50.67866,-120.26117,82,6613
14047,50.67852,-120.26133,83,6632
14047,50.67737,-120.26199,84,6772
14047,50.67637,-120.26229,85,6890
14047,50.67615,-120.26135,86,6966
14047,50.67622,-120.26132,87,6973
14047,50.6754,-120.25717,88,7279
14047,50.67521,-120.25651,89,7334
14047,50.6749,-120.25486,90,7460
14047,50.67439,-120.2525,91,7635
14047,50.67419,-120.25184,92,7690
14047,50.67368,-120.2493,93,7883
14047,50.67343,-120.24671,94,8068
14047,50.67324,-120.24543,95,8166
14047,50.6733,-120.24542,96,8173
14047,50.67303,-120.24254,97,8376
14047,50.67288,-120.24168,98,8444
14047,50.67294,-120.24166,99,8450
14047,50.6727,-120.23915,100,8629
14047,50.67257,-120.23841,101,8687
14047,50.6724,-120.23619,102,8849
14047,50.6721,-120.23463,103,8963
14047,50.67181,-120.23332,104,9059
14047,50.67167,-120.233,105,9086
14047,50.67126,-120.2325,106,9146
14047,50.67043,-120.2304,107,9324
14047,50.66998,-120.22887,108,9442
14047,50.66994,-120.22843,109,9473
14047,50.66998,-120.22799,110,9504
14047,50.67009,-120.22766,111,9530
14047,50.67037,-120.22733,112,9573
14047,50.67038,-120.22742,113,9579
14047,50.67051,-120.22735,114,9594
14047,50.6705,-120.22727,115,9600
14047,50.67052,-120.22719,116,9606
14047,50.67055,-120.22712,117,9612
14047,50.67065,-120.22708,118,9622
14047,50.67073,-120.22714,119,9631
14047,50.67156,-120.22679,120,9728
14047,50.67173,-120.22652,121,9755
14047,50.67177,-120.2263,122,9771
14047,50.67179,-120.22595,123,9795
14047,50.67098,-120.22207,124,10081
14047,50.67088,-120.22059,125,10185
14047,50.671,-120.21918,126,10285
14047,50.67158,-120.21631,127,10496
14047,50.67176,-120.2143,128,10639
14047,50.67173,-120.21333,129,10707
14047,50.67016,-120.20621,130,11239
14047,50.66964,-120.20396,131,11407
14047,50.66915,-120.20054,132,11653
14047,50.66898,-120.19788,133,11842
14047,50.66918,-120.19045,134,12366
14047,50.66933,-120.18316,135,12879
14047,50.66963,-120.17865,136,13197
14047,50.6691,-120.17132,137,13716
14047,50.66828,-120.16184,138,14392
14047,50.66753,-120.15417,139,14939
14047,50.66712,-120.15105,140,15162
14047,50.66538,-120.14256,141,15790
14047,50.66296,-120.13131,142,16628
14047,50.66254,-120.12949,143,16763
14047,50.66171,-120.12714,144,16952
14047,50.65989,-120.12331,145,17289
14047,50.65891,-120.11992,146,17551
14047,50.65884,-120.11954,147,17579
14047,50.65875,-120.11939,148,17593
14047,50.65859,-120.11929,149,17611
14047,50.65809,-120.11943,150,17667
14047,50.65799,-120.11956,151,17681
14047,50.65794,-120.11971,152,17693
14047,50.65792,-120.12,153,17713
14047,50.65905,-120.12352,154,17994
15736,50.67685,-120.32592,0,0
15736,50.67693,-120.32592,1,8
15736,50.67692,-120.32536,2,47
15736,50.67685,-120.32524,3,58
15736,50.67676,-120.32526,4,68
15736,50.67673,-120.32537,5,75
15736,50.67673,-120.32698,6,188
15736,50.67667,-120.32714,7,201
15736,50.67539,-120.32715,8,340
15736,50.67404,-120.32716,9,489
15736,50.67371,-120.32726,10,531
15736,50.67371,-120.32716,11,537
15736,50.67274,-120.32717,12,644
15736,50.6726,-120.3273,13,668
15736,50.6726,-120.32717,14,677
15736,50.6715,-120.32718,15,797
15736,50.67142,-120.32718,16,806
15736,50.67143,-120.32862,17,907
15736,50.67149,-120.33004,18,1012
15736,50.67144,-120.33004,19,1018
15736,50.67144,-120.33203,20,1156
15736,50.67146,-120.3336,21,1266
15736,50.67157,-120.33396,22,1304
15736,50.67146,-120.33397,23,1316
15736,50.67146,-120.33551,24,1424
15736,50.67146,-120.33857,25,1639
15736,50.67146,-120.34015,26,1749
15736,50.67164,-120.34202,27,1881
15736,50.67202,-120.34355,28,1996
15736,50.67241,-120.34455,29,2078
15736,50.67208,-120.3449,30,2121
15736,50.67197,-120.34494,31,2133
15736,50.67182,-120.34494,32,2149
15736,50.67155,-120.34471,33,2185
15736,50.67154,-120.3446,34,2195
15736,50.6715,-120.34445,35,2206
15736,50.67148,-120.34381,36,2250
15736,50.6714,-120.34354,37,2270
15736,50.67134,-120.34343,38,2279
15736,50.67119,-120.34326,39,2299
15736,50.67061,-120.34306,40,2367
15736,50.67065,-120.34297,41,2374
15736,50.67058,-120.34291,42,2382
15736,50.6702,-120.34204,43,2454
15736,50.67013,-120.34194,44,2464
15736,50.67005,-120.34187,45,2473
15736,50.66988,-120.34179,46,2492
15736,50.66968,-120.34181,47,2513
15736,50.66948,-120.34196,48,2538
15736,50.66911,-120.34119,49,2611
15736,50.66916,-120.34114,50,2617
15736,50.66906,-120.34088,51,2638
15736,50.66896,-120.34028,52,2681
15736,50.66897,-120.33968,53,2723
15736,50.66894,-120.3394,54,2742
15736,50.66884,-120.33902,55,2770
15736,50.66864,-120.33868,56,2801
15736,50.66847,-120.33852,57,2823
15736,50.66711,-120.33809,58,2976
15736,50.66727,-120.33871,59,3029
15736,50.66721,-120.33872,60,3036
15736,50.66746,-120.34044,61,3169
15736,50.66738,-120.34046,62,3178
15736,50.66741,-120.3415,63,3250
15736,50.66697,-120.3428,64,3353
15736,50.66692,-120.34308,65,3373
15736,50.66697,-120.3437,66,3416
15736,50.66711,-120.34406,67,3445
15736,50.66734,-120.34422,68,3479
15736,50.6673,-120.34431,69,3486
15736,50.66762,-120.34459,70,3526
15736,50.66774,-120.34479,71,3545
15736,50.66786,-120.3451,72,3570
15736,50.6682,-120.34793,73,3772
15736,50.66826,-120.34818,74,3790
15736,50.66908,-120.34966,75,3933
15736,50.66906,-120.34974,76,3940
15736,50.66975,-120.3503,77,4025
15736,50.66986,-120.35045,78,4040
15736,50.6699,-120.3506,79,4052
15736,50.66994,-120.35277,80,4206
15736,50.66991,-120.35303,81,4228
15736,50.66991,-120.35441,82,4323
15736,50.66996,-120.35462,83,4338
15736,50.66993,-120.35517,84,4375
15736,50.66988,-120.35538,85,4391
15736,50.66948,-120.35639,86,4476
15736,50.66942,-120.35646,87,4485
15736,50.66907,-120.35736,88,4557
15736,50.66859,-120.35949,89,4713
15736,50.66819,-120.36139,90,4853
15736,50.66811,-120.36151,91,4867
15736,50.66778,-120.36306,92,4982
15736,50.66764,-120.3641,93,5056
15736,50.66808,-120.36409,94,5111
15736,50.66806,-120.36421,95,5119
15736,50.669,-120.36444,96,5223
15736,50.66996,-120.36468,97,5329
15736,50.67014,-120.36494,98,5356
15736,50.67026,-120.36531,99,5386
15736,50.67023,-120.36552,100,5404
15736,50.67028,-120.36576,101,5421
15736,50.67038,-120.366,102,5441
15736,50.67052,-120.3662,103,5461
15736,50.67114,-120.36672,104,5538
15736,50.67126,-120.36707,105,5566
15736,50.6713,-120.36741,106,5589
15736,50.67122,-120.36778,107,5616
15736,50.67096,-120.36826,108,5665
15736,50.67069,-120.36858,109,5705
15736,50.67067,-120.36871,110,5714
15736,50.67071,-120.36881,111,5721
15736,50.67083,-120.3689,112,5734
15736,50.67093,-120.36916,113,5755
15736,50.67035,-120.36966,114,5827
15736,50.66881,-120.37007,115,6004
15736,50.6687,-120.37002,116,6020
15736,50.66729,-120.37026,117,6177
15736,50.66696,-120.37035,118,6212
15736,50.66662,-120.37061,119,6253
15736,50.66634,-120.37105,120,6296
15736,50.66587,-120.37236,121,6401
15736,50.66574,-120.37258,122,6421
15736,50.66551,-120.37278,123,6448
15736,50.66523,-120.37292,124,6481
15736,50.66515,-120.37286,125,6492
15736,50.66498,-120.37282,126,6510
15736,50.66473,-120.37265,127,6540
15736,50.66395,-120.37184,128,6647
15736,50.66382,-120.37164,129,6670
15736,50.66287,-120.37082,130,6789
15736,50.66197,-120.37007,131,6901
15736,50.66029,-120.36984,132,7089
15736,50.65937,-120.36969,133,7191
15736,50.6585,-120.36966,134,7286
15736,50.6581,-120.36981,135,7330
15736,50.65763,-120.37021,136,7387
15736,50.65753,-120.37034,137,7400
15736,50.65713,-120.36973,138,7460
15736,50.65666,-120.3693,139,7518
15736,50.65627,-120.36913,140,7562
15736,50.65599,-120.36923,141,7600
15736,50.65599,-120.36911,142,7608
15736,50.65498,-120.36913,143,7718
15736,50.6543,-120.36904,144,7792
15736,50.65336,-120.3686,145,7899
15736,50.6526,-120.36785,146,7997
15736,50.65247,-120.36764,147,8017
15736,50.65232,-120.36748,148,8037
15736,50.65224,-120.36744,149,8046
15736,50.65201,-120.36745,150,8070
15736,50.65177,-120.3677,151,8101
15736,50.65158,-120.36799,152,8130
15736,50.65139,-120.3686,153,8180
15736,50.65134,-120.36866,154,8189
15736,50.65131,-120.36876,155,8196
15736,50.65124,-120.37025,156,8300
15736,50.65125,-120.37096,157,8349
15736,50.65148,-120.37242,158,8458
15736,50.65172,-120.37424,159,8592
15736,50.65174,-120.3749,160,8641
15736,50.65153,-120.37552,161,8693
15736,50.65133,-120.37581,162,8723
15736,50.65066,-120.37478,163,8825
15736,50.64984,-120.37313,164,8972
15736,50.64969,-120.3729,165,8999
15736,50.64963,-120.37263,166,9023
15736,50.64909,-120.37123,167,9138
15736,50.64894,-120.37078,168,9173
15736,50.64882,-120.3693,169,9276
15736,50.64877,-120.36762,170,9394
15736,50.64871,-120.36735,171,9417
15736,50.64876,-120.36731,172,9424
15736,50.64871,-120.36572,173,9537
15736,50.64868,-120.36422,174,9642
15736,50.6486,-120.36336,175,9708
15736,50.6486,-120.36211,176,9800
15736,50.64853,-120.36172,177,9828
15736,50.64835,-120.36141,178,9864
15736,50.6484,-120.36135,179,9871
15736,50.6481,-120.36083,180,9920
15736,50.64697,-120.35969,181,10067
15736,50.64686,-120.35994,182,10088
15736,50.64671,-120.36011,183,10108
15736,50.64627,-120.36027,184,10159
15736,50.64595,-120.35991,185,10206
15736,50.64578,-120.35959,186,10235
15736,50.64553,-120.35888,187,10292
15736,50.64515,-120.35714,188,10421
15736,50.6451,-120.35695,189,10434
15736,50.64491,-120.35652,190,10470
15736,50.64445,-120.35596,191,10533
15736,50.64381,-120.35567,192,10610
15736,50.64299,-120.35426,193,10747
15736,50.64271,-120.35389,194,10786
15736,50.64106,-120.35277,195,10985
15736,50.63996,-120.35123,196,11154
15736,50.64,-120.35117,197,11160
15736,50.63942,-120.35036,198,11245
15736,50.63902,-120.35013,199,11291
15736,50.6384,-120.35003,200,11359
15736,50.63801,-120.35019,201,11403
15736,50.63784,-120.34965,202,11451
15748,50.67096,-120.36826,0,0
15748,50.67069,-120.36858,1,40
15748,50.67067,-120.36871,2,49
15748,50.67071,-120.36881,3,56
15748,50.67083,-120.3689,4,69
15748,50.67093,-120.36916,5,90
15748,50.67035,-120.36966,6,162
15748,50.66881,-120.37007,7,339
15748,50.6687,-120.37002,8,355
15748,50.66729,-120.37026,9,512
15748,50.66696,-120.37035,10,547
15748,50.66662,-120.37061,11,588
15748,50.66634,-120.37105,12,631
15748,50.66587,-120.37236,13,736
15748,50.66574,-120.37258,14,756
15748,50.66551,-120.37278,15,783
15748,50.66523,-120.37292,16,816
15748,50.66515,-120.37286,17,827
15748,50.66498,-120.37282,18,845
15748,50.66473,-120.37265,19,875
15748,50.66395,-120.37184,20,982
15748,50.66382,-120.37164,21,1005
15748,50.66287,-120.37082,22,1124
15748,50.66197,-120.37007,23,1236
15748,50.66029,-120.36984,24,1424
15748,50.65937,-120.36969,25,1526
15748,50.6585,-120.36966,26,1621
15748,50.6581,-120.36981,27,1665
15748,50.65763,-120.37021,28,1722
15748,50.65753,-120.37034,29,1735
15748,50.65713,-120.36973,30,1795
15748,50.65666,-120.3693,31,1853
15748,50.65627,-120.36913,32,1897
15748,50.65599,-120.36923,33,1935
15748,50.65599,-120.36911,34,1943
15748,50.65498,-120.36913,35,2053
15748,50.6543,-120.36904,36,2127
15748,50.65336,-120.3686,37,2234
15748,50.6526,-120.36785,38,2332
15748,50.65247,-120.36764,39,2352
15748,50.65232,-120.36748,40,2372
15748,50.65224,-120.36744,41,2381
15748,50.65201,-120.36745,42,2405
15748,50.65177,-120.3677,43,2436
15748,50.65158,-120.36799,44,2465
15748,50.65139,-120.3686,45,2515
15748,50.65134,-120.36866,46,2524
15748,50.65131,-120.36876,47,2531
15748,50.65124,-120.37025,48,2635
15748,50.65125,-120.37096,49,2684
15748,50.65148,-120.37242,50,2793
15748,50.65172,-120.37424,51,2927
15748,50.65174,-120.3749,52,2976
15748,50.65153,-120.37552,53,3028
15748,50.65133,-120.37581,54,3058
15748,50.65066,-120.37478,55,3160
15748,50.64984,-120.37313,56,3307
15748,50.64969,-120.3729,57,3334
15748,50.64963,-120.37263,58,3358
15748,50.64909,-120.37123,59,3473
15748,50.64894,-120.37078,60,3508
15748,50.64882,-120.3693,61,3611
15748,50.64877,-120.36762,62,3729
15748,50.64871,-120.36735,63,3752
15748,50.64876,-120.36731,64,3759
15748,50.64871,-120.36572,65,3872
15748,50.64868,-120.36422,66,3977
15748,50.6486,-120.36336,67,4043
15748,50.6486,-120.36211,68,4135
15748,50.64853,-120.36172,69,4163
15748,50.64835,-120.36141,70,4199
15748,50.6484,-120.36135,71,4206
15748,50.6481,-120.36083,72,4255
15748,50.64697,-120.35969,73,4402
15748,50.64686,-120.35994,74,4423
15748,50.64671,-120.36011,75,4443
15748,50.64627,-120.36027,76,4494
15748,50.64595,-120.35991,77,4541
15748,50.64578,-120.35959,78,4570
15748,50.64553,-120.35888,79,4627
15748,50.64515,-120.35714,80,4756
15748,50.6451,-120.35695,81,4769
15748,50.64491,-120.35652,82,4805
15748,50.64445,-120.35596,83,4868
15748,50.64381,-120.35567,84,4945
15748,50.64299,-120.35426,85,5082
15748,50.64271,-120.35389,86,5121
15748,50.64106,-120.35277,87,5320
15748,50.63996,-120.35123,88,5489
15748,50.64,-120.35117,89,5495
15748,50.63942,-120.35036,90,5580
15748,50.63902,-120.35013,91,5626
15748,50.6384,-120.35003,92,5694
15748,50.63801,-120.35019,93,5738
15748,50.63784,-120.34965,94,5786
15773,50.69787,-120.36041,0,0
15773,50.69783,-120.36054,1,12
15773,50.69784,-120.3617,2,92
15773,50.6978,-120.36185,3,103
15773,50.69775,-120.36194,4,111
15773,50.69715,-120.36124,5,193
15773,50.69624,-120.36085,6,296
15773,50.69523,-120.36049,7,411
15773,50.69434,-120.36009,8,516
15773,50.69337,-120.35972,9,625
15773,50.69234,-120.35933,10,741
15773,50.69134,-120.35894,11,853
15773,50.68997,-120.35841,12,1009
15773,50.68962,-120.35835,13,1052
15773,50.68869,-120.3579,14,1163
15773,50.6878,-120.35751,15,1265
15773,50.68604,-120.35598,16,1486
15773,50.68538,-120.35547,17,1567
15773,50.68499,-120.35489,18,1626
15773,50.68457,-120.35311,19,1757
15773,50.68482,-120.35141,20,1879
15773,50.68482,-120.35103,21,1911
15773,50.68488,-120.35105,22,1917
15773,50.68506,-120.34966,23,2017
15773,50.68498,-120.3492,24,2050
15773,50.68487,-120.34885,25,2077
15773,50.68471,-120.34858,26,2102
15773,50.68453,-120.34839,27,2126
15773,50.68421,-120.34829,28,2161
15773,50.68401,-120.34829,29,2183
15773,50.68363,-120.3484,30,2225
15773,50.67963,-120.35147,31,2718
15773,50.67942,-120.35182,32,2751
15773,50.67937,-120.35194,33,2760
15773,50.67935,-120.35206,34,2769
15773,50.67935,-120.35223,35,2780
15773,50.67942,-120.35256,36,2804
15773,50.68021,-120.35337,37,2906
15773,50.68034,-120.35355,38,2924
15773,50.68091,-120.35481,39,3031
15773,50.68105,-120.35536,40,3072
15773,50.68126,-120.35764,41,3231
15773,50.68148,-120.35901,42,3330
15773,50.68144,-120.35995,43,3394
15773,50.68036,-120.3627,44,3619
15773,50.68016,-120.36354,45,3680
15773,50.68013,-120.36396,46,3709
15773,50.68018,-120.36465,47,3756
15773,50.68039,-120.36542,48,3814
15773,50.68111,-120.36686,49,3943
15773,50.68124,-120.36724,50,3973
15773,50.6813,-120.36757,51,3996
15773,50.6813,-120.36791,52,4019
15773,50.68124,-120.36826,53,4044
15773,50.68114,-120.36854,54,4066
15773,50.68094,-120.36884,55,4095
15773,50.68082,-120.36893,56,4109
15773,50.68073,-120.36894,57,4118
15773,50.68065,-120.36887,58,4128
15773,50.68003,-120.36743,59,4250
15773,50.67944,-120.36657,60,4339
15773,50.67725,-120.36502,61,4602
15773,50.67643,-120.36405,62,4716
15773,50.67567,-120.3626,63,4848
15773,50.67551,-120.36242,64,4869
15773,50.67544,-120.3624,65,4875
15773,50.67538,-120.3624,66,4881
15773,50.67523,-120.3625,67,4897
15773,50.67511,-120.36271,68,4916
15773,50.67504,-120.36292,69,4932
15773,50.67499,-120.36325,70,4956
15773,50.675,-120.3636,71,4980
15773,50.67498,-120.36384,72,4997
15773,50.67676,-120.36966,73,5446
15773,50.67717,-120.3711,74,5554
15773,50.67729,-120.37195,75,5614
15773,50.67726,-120.37323,76,5703
15773,50.67713,-120.374,77,5757
15773,50.6768,-120.37497,78,5831
15773,50.67568,-120.37685,79,6003
15773,50.67537,-120.37708,80,6038
15773,50.67517,-120.37711,81,6059
15773,50.67498,-120.37706,82,6077
15773,50.67336,-120.37566,83,6279
15773,50.67253,-120.37483,84,6390
15773,50.67148,-120.37388,85,6524
15773,50.67055,-120.37302,86,6644
15773,50.67033,-120.37289,87,6669
15773,50.67014,-120.37286,88,6690
15773,50.66989,-120.37289,89,6717
15773,50.66941,-120.37313,90,6772
15773,50.66894,-120.37314,91,6825
15773,50.66897,-120.37306,92,6831
15773,50.66878,-120.3729,93,6853
15773,50.6686,-120.37264,94,6880
15773,50.6683,-120.37188,95,6941
15773,50.66799,-120.37031,96,7056
15773,50.66792,-120.36999,97,7078
15773,50.66883,-120.36973,98,7183
15773,50.66883,-120.36982,99,7189
15773,50.67006,-120.36959,100,7326
15773,50.67063,-120.36926,101,7393
15773,50.67111,-120.36872,102,7458
15773,50.67111,-120.36863,103,7464
15773,50.67109,-120.3685,104,7473
15773,50.67114,-120.3682,105,7500
17129,50.67685,-120.32592,0,0
17129,50.67693,-120.32592,1,8
17129,50.67692,-120.32536,2,47
17129,50.67685,-120.32524,3,58
17129,50.67676,-120.32526,4,68
17129,50.67673,-120.32537,5,75
17129,50.67673,-120.32698,6,188
17129,50.67667,-120.32714,7,201
17129,50.67539,-120.32715,8,340
17129,50.67404,-120.32716,9,489
17129,50.67371,-120.32726,10,531
17129,50.67371,-120.32716,11,537
17129,50.67274,-120.32717,12,644
17129,50.6726,-120.3273,13,668
17129,50.6726,-120.32717,14,677
17129,50.6715,-120.32718,15,797
17129,50.67142,-120.32718,16,806
17129,50.67143,-120.32862,17,907
17129,50.67149,-120.33004,18,1012
17129,50.67144,-120.33004,19,1018
17129,50.67144,-120.33203,20,1156
17129,50.67146,-120.3336,21,1266
17129,50.67157,-120.33396,22,1304
17129,50.67146,-120.33397,23,1316
17129,50.67146,-120.33445,24,1349
17129,50.67275,-120.33443,25,1489
17129,50.67319,-120.33443,26,1538
17129,50.67328,-120.33512,27,1594
17129,50.67319,-120.33512,28,1603
17129,50.6732,-120.33668,29,1711
17129,50.67361,-120.33896,30,1878
17129,50.67373,-120.33934,31,1912
17129,50.67406,-120.34127,32,2057
17129,50.67425,-120.34224,33,2131
17129,50.67426,-120.34251,34,2153
17129,50.67429,-120.34267,35,2164
17129,50.67434,-120.34432,36,2278
17129,50.67437,-120.3454,37,2352
17129,50.67447,-120.34576,38,2379
17129,50.67517,-120.3469,39,2489
17129,50.67556,-120.34754,40,2550
17129,50.6756,-120.34768,41,2560
17129,50.67563,-120.34845,42,2613
17129,50.67598,-120.34866,43,2660
17129,50.67595,-120.34874,44,2666
17129,50.67621,-120.34897,45,2697
17129,50.67644,-120.34938,46,2735
17129,50.67674,-120.35167,47,2900
17129,50.67684,-120.352,48,2925
17129,50.67736,-120.35294,49,3017
17129,50.67767,-120.3537,50,3085
17129,50.67749,-120.35427,51,3129
17129,50.67754,-120.35573,52,3238
17129,50.67749,-120.35573,53,3244
17129,50.67749,-120.35603,54,3265
17129,50.67637,-120.35603,55,3389
17129,50.6759,-120.35606,56,3441
17129,50.67571,-120.35626,57,3471
17129,50.67569,-120.35618,58,3477
17129,50.67502,-120.35671,59,3560
17129,50.67498,-120.35477,60,3703
17129,50.67504,-120.35477,61,3709
17129,50.67504,-120.35295,62,3837
17129,50.67502,-120.35245,63,3872
17129,50.67496,-120.35216,64,3892
17129,50.67428,-120.35047,65,4034
17129,50.67433,-120.35042,66,4040
17129,50.67425,-120.35019,67,4058
17129,50.67417,-120.34974,68,4090
17129,50.67411,-120.34965,69,4098
17129,50.67403,-120.34963,70,4106
17129,50.67397,-120.34968,71,4114
17129,50.67377,-120.35052,72,4181
17129,50.67336,-120.35178,73,4283
17129,50.67289,-120.35297,74,4379
17129,50.67246,-120.35368,75,4449
17129,50.67166,-120.35433,76,4550
17129,50.6708,-120.35465,77,4647
17129,50.66996,-120.35462,78,4739
17129,50.66993,-120.35517,79,4776
17129,50.66988,-120.35538,80,4792
17129,50.66948,-120.35639,81,4877
17129,50.66942,-120.35646,82,4886
17129,50.66907,-120.35736,83,4958
17129,50.66859,-120.35949,84,5114
17129,50.66819,-120.36139,85,5254
17129,50.66811,-120.36151,86,5268
17129,50.66778,-120.36306,87,5383
17129,50.66764,-120.3641,88,5457
17129,50.66808,-120.36409,89,5512
17129,50.66806,-120.36421,90,5520
17129,50.669,-120.36444,91,5624
17129,50.66996,-120.36468,92,5730
17129,50.67014,-120.36494,93,5757
17129,50.67026,-120.36531,94,5787
17129,50.67023,-120.36552,95,5805
17129,50.67028,-120.36576,96,5822
17129,50.67038,-120.366,97,5842
17129,50.67052,-120.3662,98,5862
17129,50.67114,-120.36672,99,5939
17129,50.67126,-120.36707,100,5967
17129,50.6713,-120.36741,101,5990
17129,50.67122,-120.36778,102,6017
17129,50.67096,-120.36826,103,6066
17129,50.67069,-120.36858,104,6106
17129,50.67067,-120.36871,105,6115
17129,50.67071,-120.36881,106,6122
17129,50.67083,-120.3689,107,6135
17129,50.67093,-120.36916,108,6156
17129,50.67035,-120.36966,109,6228
17129,50.66881,-120.37007,110,6405
17129,50.6687,-120.37002,111,6421
17129,50.66729,-120.37026,112,6578
17129,50.66696,-120.37035,113,6613
17129,50.66662,-120.37061,114,6654
17129,50.66634,-120.37105,115,6697
17129,50.66587,-120.37236,116,6802
17129,50.66574,-120.37258,117,6822
17129,50.66551,-120.37278,118,6849
17129,50.66523,-120.37292,119,6882
17129,50.66515,-120.37286,120,6893
17129,50.66498,-120.37282,121,6911
17129,50.66473,-120.37265,122,6941
17129,50.66395,-120.37184,123,7048
17129,50.66382,-120.37164,124,7071
17129,50.66287,-120.37082,125,7190
17129,50.66197,-120.37007,126,7302
17129,50.66029,-120.36984,127,7490
17129,50.65937,-120.36969,128,7592
17129,50.6585,-120.36966,129,7687
17129,50.6581,-120.36981,130,7731
17129,50.65763,-120.37021,131,7788
17129,50.65753,-120.37034,132,7801
17129,50.65713,-120.36973,133,7861
17129,50.65666,-120.3693,134,7919
17129,50.65627,-120.36913,135,7963
17129,50.65599,-120.36923,136,8001
17129,50.65599,-120.36911,137,8009
17129,50.65498,-120.36913,138,8119
17129,50.6543,-120.36904,139,8193
17129,50.65336,-120.3686,140,8300
17129,50.6526,-120.36785,141,8398
17129,50.65247,-120.36764,142,8418
17129,50.65232,-120.36748,143,8438
17129,50.65224,-120.36744,144,8447
17129,50.65201,-120.36745,145,8471
17129,50.65177,-120.3677,146,8502
17129,50.65158,-120.36799,147,8531
17129,50.65139,-120.3686,148,8581
17129,50.65134,-120.36866,149,8590
17129,50.65131,-120.36876,150,8597
17129,50.65124,-120.37025,151,8701
17129,50.65125,-120.37096,152,8750
17129,50.65148,-120.37242,153,8859
17129,50.65172,-120.37424,154,8993
17129,50.65174,-120.3749,155,9042
17129,50.65153,-120.37552,156,9094
17129,50.65133,-120.37581,157,9124
17129,50.65066,-120.37478,158,9226
17129,50.64984,-120.37313,159,9373
17129,50.64969,-120.3729,160,9400
17129,50.64963,-120.37263,161,9424
17129,50.64909,-120.37123,162,9539
17129,50.64894,-120.37078,163,9574
17129,50.64882,-120.3693,164,9677
17129,50.64877,-120.36762,165,9795
17129,50.64871,-120.36735,166,9818
17129,50.64876,-120.36731,167,9825
17129,50.64871,-120.36572,168,9938
17129,50.64868,-120.36422,169,10043
17129,50.6486,-120.36336,170,10109
17129,50.6486,-120.36211,171,10201
17129,50.64853,-120.36172,172,10229
17129,50.64835,-120.36141,173,10265
17129,50.6484,-120.36135,174,10272
17129,50.6481,-120.36083,175,10321
17129,50.64697,-120.35969,176,10468
17129,50.64686,-120.35994,177,10489
17129,50.64671,-120.36011,178,10509
17129,50.64627,-120.36027,179,10560
17129,50.64595,-120.35991,180,10607
17129,50.64578,-120.35959,181,10636
17129,50.64553,-120.35888,182,10693
17129,50.64515,-120.35714,183,10822
17129,50.6451,-120.35695,184,10835
17129,50.64491,-120.35652,185,10871
17129,50.64445,-120.35596,186,10934
17129,50.64381,-120.35567,187,11011
17129,50.64299,-120.35426,188,11148
17129,50.64271,-120.35389,189,11187
17129,50.64106,-120.35277,190,11386
17129,50.63996,-120.35123,191,11555
17129,50.64,-120.35117,192,11561
17129,50.63942,-120.35036,193,11646
17129,50.63902,-120.35013,194,11692
17129,50.6384,-120.35003,195,11760
17129,50.63801,-120.35019,196,11804
17129,50.63784,-120.34965,197,11852
18433,50.70011,-120.39286,0,0
18433,50.70016,-120.39291,1,6
18433,50.70088,-120.39138,2,139
18433,50.70165,-120.38972,3,283
18433,50.70208,-120.3888,4,362
18433,50.70219,-120.38823,5,409
18433,50.70224,-120.38827,6,415
18433,50.70259,-120.38675,7,528
18433,50.70269,-120.38551,8,614
18433,50.70246,-120.38387,9,736
18433,50.70232,-120.38246,10,841
18433,50.70201,-120.38088,11,961
18433,50.70201,-120.38053,12,990
18433,50.7017,-120.37849,13,1137
18433,50.70137,-120.37636,14,1291
18433,50.70114,-120.3753,15,1375
18433,50.7012,-120.37527,16,1382
18433,50.70097,-120.37374,17,1492
18433,50.70074,-120.37212,18,1607
18433,50.70062,-120.37166,19,1647
18433,50.70067,-120.37164,20,1653
18433,50.7004,-120.36985,21,1781
18433,50.70015,-120.36856,22,1880
18433,50.69979,-120.36593,23,2071
18433,50.69948,-120.36401,24,2209
18433,50.69935,-120.36368,25,2241
18433,50.69942,-120.36365,26,2248
18433,50.69911,-120.36157,27,2396
18433,50.69879,-120.3599,28,2517
18433,50.69829,-120.35862,29,2622
18433,50.69812,-120.35885,30,2646
18433,50.69801,-120.35914,31,2668
18433,50.69788,-120.36004,32,2734
18433,50.69783,-120.3601,33,2743
18433,50.69784,-120.3617,34,2853
18433,50.6978,-120.36185,35,2864
18433,50.69775,-120.36194,36,2872
18433,50.69715,-120.36124,37,2954
18433,50.69624,-120.36085,38,3057
18433,50.69542,-120.36056,39,3148
18433,50.6953,-120.36046,40,3162
18433,50.69505,-120.36036,41,3190
18433,50.69523,-120.36049,42,3212
18433,50.69434,-120.36009,43,3317
18433,50.69337,-120.35972,44,3426
18433,50.69304,-120.35966,45,3466
18433,50.69165,-120.35906,46,3629
18433,50.69134,-120.35902,47,3667
18433,50.69135,-120.35894,48,3673
18433,50.68997,-120.35841,49,3830
18433,50.68962,-120.35835,50,3873
18433,50.68869,-120.3579,51,3984
18433,50.6878,-120.35751,52,4086
18433,50.68717,-120.35699,53,4165
18433,50.68604,-120.35598,54,4311
18433,50.6854,-120.35556,55,4392
18433,50.68538,-120.35547,56,4400
18433,50.68499,-120.35489,57,4459
18433,50.68457,-120.35311,58,4590
18433,50.68457,-120.35242,59,4642
18433,50.68463,-120.35245,60,4648
18433,50.68482,-120.35103,61,4755
18433,50.68488,-120.35105,62,4761
18433,50.68506,-120.34966,63,4861
18433,50.68498,-120.3492,64,4894
18433,50.68487,-120.34885,65,4921
18433,50.68471,-120.34858,66,4946
18433,50.68453,-120.34839,67,4970
18433,50.68421,-120.34829,68,5005
18433,50.68401,-120.34829,69,5027
18433,50.68363,-120.3484,70,5069
18433,50.67963,-120.35147,71,5562
18433,50.67952,-120.35154,72,5575
18433,50.67926,-120.35158,73,5603
18433,50.67903,-120.3515,74,5629
18433,50.67877,-120.35124,75,5662
18433,50.67869,-120.35108,76,5675
18433,50.67858,-120.35065,77,5706
18433,50.67856,-120.35043,78,5721
18433,50.67865,-120.34868,79,5844
18433,50.67864,-120.34858,80,5851
18433,50.67861,-120.34845,81,5860
18433,50.67861,-120.34821,82,5877
18433,50.67801,-120.34633,83,6023
18433,50.67765,-120.34528,84,6111
18433,50.67768,-120.34522,85,6118
18433,50.67723,-120.34378,86,6229
18433,50.67716,-120.34362,87,6242
18433,50.67637,-120.34262,88,6350
18433,50.67612,-120.34217,89,6392
18433,50.67559,-120.33995,90,6557
18433,50.67525,-120.33848,91,6669
18433,50.67496,-120.33668,92,6803
18433,50.67491,-120.33544,93,6893
18433,50.67496,-120.33539,94,6901
18433,50.67495,-120.3331,95,7060
18433,50.6749,-120.3314,96,7184
18433,50.67495,-120.33133,97,7193
18433,50.67494,-120.32984,98,7296
18433,50.67493,-120.32715,99,7484
18433,50.6756,-120.32706,100,7563
18433,50.6756,-120.32715,101,7569
18433,50.67667,-120.32714,102,7685
18433,50.67677,-120.32708,103,7697
18433,50.67689,-120.32708,104,7709
18433,50.67692,-120.32691,105,7721
18433,50.67693,-120.32546,106,7823
18433,50.67692,-120.32536,107,7830
18433,50.67685,-120.32524,108,7841
18433,50.67676,-120.32526,109,7851
18433,50.67673,-120.32537,110,7858
18433,50.67676,-120.3269,111,7969
18441,50.70585,-120.42115,0,0
18441,50.70587,-120.42123,1,6
18441,50.70601,-120.42112,2,23
18441,50.70602,-120.41911,3,164
18441,50.70598,-120.41767,4,264
18441,50.7059,-120.41648,5,356
18441,50.70598,-120.41648,6,364
18441,50.70597,-120.41589,7,405
18441,50.70488,-120.41591,8,526
18441,50.7048,-120.41512,9,589
18441,50.70487,-120.41511,10,596
18441,50.70479,-120.41024,11,940
18441,50.70473,-120.40923,12,1016
18441,50.70468,-120.40448,13,1364
18441,50.70476,-120.40448,14,1372
18441,50.70475,-120.40429,15,1385
18441,50.70373,-120.40431,16,1498
18441,50.7028,-120.40432,17,1601
18441,50.7025,-120.4044,18,1637
18441,50.70226,-120.40433,19,1669
18441,50.70103,-120.40434,20,1804
18441,50.70022,-120.40437,21,1894
18441,50.7001,-120.40388,22,1936
18441,50.70017,-120.40387,23,1943
18441,50.70002,-120.40166,24,2100
18441,50.69991,-120.40001,25,2216
18441,50.69977,-120.39845,26,2331
18441,50.6997,-120.39658,27,2466
18441,50.69962,-120.39488,28,2584
18441,50.69986,-120.39363,29,2675
18441,50.70011,-120.39286,30,2740
18441,50.70016,-120.39291,31,2746
18441,50.70088,-120.39138,32,2879
18441,50.70165,-120.38972,33,3023
18441,50.70208,-120.3888,34,3102
18441,50.70219,-120.38823,35,3149
18441,50.70224,-120.38827,36,3155
18441,50.70259,-120.38675,37,3268
18441,50.70269,-120.38551,38,3354
18441,50.70246,-120.38387,39,3476
18441,50.70232,-120.38246,40,3581
18441,50.70201,-120.38088,41,3701
18441,50.70201,-120.38053,42,3730
18441,50.7017,-120.37849,43,3877
18441,50.70137,-120.37636,44,4031
18441,50.70114,-120.3753,45,4115
18441,50.7012,-120.37527,46,4122
18441,50.70097,-120.37374,47,4232
18441,50.70074,-120.37212,48,4347
18441,50.70062,-120.37166,49,4387
18441,50.70067,-120.37164,50,4393
18441,50.7004,-120.36985,51,4521
18441,50.70015,-120.36856,52,4620
18441,50.69979,-120.36593,53,4811
18441,50.69948,-120.36401,54,4949
18441,50.69935,-120.36368,55,4981
18441,50.69942,-120.36365,56,4988
18441,50.69911,-120.36157,57,5136
18441,50.69879,-120.3599,58,5257
18441,50.69829,-120.35862,59,5362
18441,50.69812,-120.35885,60,5386
18441,50.69801,-120.35914,61,5408
18441,50.69788,-120.36004,62,5474
18441,50.69783,-120.3601,63,5483
18441,50.69784,-120.3617,64,5593
18441,50.6978,-120.36185,65,5604
18441,50.69775,-120.36194,66,5612
18441,50.69715,-120.36124,67,5694
18441,50.69624,-120.36085,68,5797
18441,50.69542,-120.36056,69,5888
18441,50.6953,-120.36046,70,5902
18441,50.69505,-120.36036,71,5930
18441,50.69523,-120.36049,72,5952
18441,50.69434,-120.36009,73,6057
18441,50.69337,-120.35972,74,6166
18441,50.69304,-120.35966,75,6206
18441,50.69165,-120.35906,76,6369
18441,50.69134,-120.35902,77,6407
18441,50.69135,-120.35894,78,6413
18441,50.68997,-120.35841,79,6570
18441,50.68962,-120.35835,80,6613
18441,50.68869,-120.3579,81,6724
18441,50.6878,-120.35751,82,6826
18441,50.68717,-120.35699,83,6905
18441,50.68604,-120.35598,84,7051
18441,50.6854,-120.35556,85,7132
18441,50.68538,-120.35547,86,7140
18441,50.68499,-120.35489,87,7199
18441,50.68457,-120.35311,88,7330
18441,50.68457,-120.35242,89,7382
18441,50.68463,-120.35245,90,7388
18441,50.68482,-120.35103,91,7495
18441,50.68488,-120.35105,92,7501
18441,50.68506,-120.34966,93,7601
18441,50.68498,-120.3492,94,7634
18441,50.68487,-120.34885,95,7661
18441,50.68471,-120.34858,96,7686
18441,50.68453,-120.34839,97,7710
18441,50.68421,-120.34829,98,7745
18441,50.68401,-120.34829,99,7767
18441,50.68363,-120.3484,100,7809
18441,50.67963,-120.35147,101,8302
18441,50.67952,-120.35154,102,8315
18441,50.67926,-120.35158,103,8343
18441,50.67903,-120.3515,104,8369
18441,50.67877,-120.35124,105,8402
18441,50.67869,-120.35108,106,8415
18441,50.67858,-120.35065,107,8446
18441,50.67856,-120.35043,108,8461
18441,50.67865,-120.34868,109,8584
18441,50.67864,-120.34858,110,8591
18441,50.67861,-120.34845,111,8600
18441,50.67861,-120.34821,112,8617
18441,50.67801,-120.34633,113,8763
18441,50.67765,-120.34528,114,8851
18441,50.67768,-120.34522,115,8858
18441,50.67723,-120.34378,116,8969
18441,50.67716,-120.34362,117,8982
18441,50.67637,-120.34262,118,9090
18441,50.67612,-120.34217,119,9132
18441,50.67559,-120.33995,120,9297
18441,50.67525,-120.33848,121,9409
18441,50.67496,-120.33668,122,9543
18441,50.67491,-120.33544,123,9633
18441,50.67496,-120.33539,124,9641
18441,50.67495,-120.3331,125,9800
18441,50.6749,-120.3314,126,9924
18441,50.67495,-120.33133,127,9933
18441,50.67494,-120.32984,128,10036
18441,50.67493,-120.32715,129,10224
18441,50.6756,-120.32706,130,10303
18441,50.6756,-120.32715,131,10309
18441,50.67667,-120.32714,132,10425
18441,50.67677,-120.32708,133,10437
18441,50.67689,-120.32708,134,10449
18441,50.67692,-120.32691,135,10461
18441,50.67693,-120.32546,136,10563
18441,50.67692,-120.32536,137,10570
18441,50.67685,-120.32524,138,10581
18441,50.67676,-120.32526,139,10591
18441,50.67673,-120.32537,140,10598
18441,50.67676,-120.3269,141,10709
24978,50.63783,-120.37045,0,0
24978,50.63698,-120.37063,1,96
24978,50.63656,-120.37053,2,143
24978,50.63615,-120.3703,3,190
24978,50.63582,-120.36997,4,234
24978,50.6351,-120.36861,5,358
24978,50.6348,-120.36785,6,427
24978,50.63486,-120.3678,7,434
24978,50.6345,-120.36687,8,509
24978,50.63396,-120.36592,9,599
24978,50.63429,-120.36535,10,652
24978,50.6344,-120.36501,11,679
24978,50.63443,-120.36461,12,707
24978,50.63441,-120.36424,13,733
24978,50.63416,-120.36334,14,807
24978,50.63403,-120.36238,15,880
24978,50.63405,-120.36193,16,911
24978,50.63413,-120.36151,17,942
24978,50.6344,-120.36089,18,994
24978,50.63456,-120.36067,19,1017
24978,50.635,-120.36036,20,1071
24978,50.63527,-120.36028,21,1100
24978,50.63526,-120.35824,22,1243
24978,50.63527,-120.35712,23,1322
24978,50.63522,-120.35666,24,1355
24978,50.63542,-120.35663,25,1377
24978,50.63594,-120.35705,26,1449
24978,50.63589,-120.35715,27,1458
24978,50.63704,-120.35867,28,1623
24978,50.63755,-120.35918,29,1690
24978,50.63767,-120.35946,30,1713
24978,50.63774,-120.35979,31,1737
24978,50.63787,-120.36162,32,1866
24978,50.63797,-120.3629,33,1962
24978,50.6379,-120.3629,34,1969
24978,50.6379,-120.36298,35,1975
24978,50.63783,-120.36333,36,2000
24978,50.63755,-120.36396,37,2054
24978,50.63702,-120.36439,38,2120
24978,50.63709,-120.36461,39,2137
24978,50.63725,-120.36494,40,2166
24978,50.63766,-120.36535,41,2220
24978,50.63795,-120.36549,42,2253
24978,50.6379,-120.36586,43,2280
24978,50.63795,-120.36713,44,2370
24978,50.63807,-120.36735,45,2396
24978,50.63801,-120.36739,46,2403
24978,50.63842,-120.36927,47,2543
24978,50.63851,-120.36953,48,2563
24978,50.63862,-120.36965,49,2577
24978,50.63878,-120.36972,50,2594
24978,50.63888,-120.36972,51,2604
24978,50.63904,-120.36964,52,2622
24978,50.64009,-120.36978,53,2739
24978,50.64032,-120.36972,54,2764
24978,50.64059,-120.3695,55,2797
24978,50.64078,-120.36915,56,2830
24978,50.64087,-120.36873,57,2865
24978,50.64126,-120.36753,58,2963
24978,50.64146,-120.36717,59,2996
24978,50.64191,-120.36672,60,3055
24978,50.64243,-120.36656,61,3113
24978,50.64268,-120.36658,62,3140
24978,50.64288,-120.36666,63,3163
24978,50.6437,-120.36741,64,3267
24978,50.64398,-120.36761,65,3305
24978,50.64483,-120.36856,66,3425
24978,50.64524,-120.36921,67,3489
24978,50.6454,-120.36965,68,3524
24978,50.64557,-120.37112,69,3629
24978,50.64577,-120.37213,70,3704
24978,50.6461,-120.37273,71,3764
24978,50.64664,-120.37403,72,3878
24978,50.64743,-120.37608,73,4045
24978,50.64757,-120.37633,74,4067
24978,50.64801,-120.37692,75,4130
24978,50.64815,-120.37721,76,4156
24978,50.64972,-120.3794,77,4388
24978,50.64986,-120.37951,78,4409
24978,50.65013,-120.38002,79,4459
24978,50.6503,-120.38019,80,4482
24978,50.65088,-120.38044,81,4547
24978,50.65114,-120.38046,82,4575
24978,50.65131,-120.38042,83,4593
24978,50.65287,-120.37923,84,4782
24978,50.6537,-120.3786,85,4882
24978,50.65458,-120.37796,86,4988
24978,50.65466,-120.37775,87,5005
24978,50.65468,-120.37738,88,5030
24978,50.65449,-120.37614,89,5121
24978,50.65454,-120.3761,90,5128
24978,50.65457,-120.37562,91,5161
24978,50.65465,-120.37518,92,5192
24978,50.65492,-120.37435,93,5256
24978,50.65529,-120.37374,94,5315
24978,50.65534,-120.37356,95,5328
24978,50.65535,-120.37334,96,5341
24978,50.65532,-120.37318,97,5353
24978,50.65501,-120.3727,98,5401
24978,50.65518,-120.37244,99,5427
24978,50.65523,-120.37239,100,5433
24978,50.65569,-120.37211,101,5492
24978,50.65571,-120.37219,102,5498
24978,50.65656,-120.37182,103,5592
24978,50.65671,-120.37168,104,5611
24978,50.65683,-120.37151,105,5628
24978,50.65736,-120.37036,106,5728
24978,50.65778,-120.36986,107,5782
24978,50.65826,-120.36956,108,5838
24978,50.65891,-120.36947,109,5909
24978,50.66029,-120.36974,110,6061
24978,50.66114,-120.36969,111,6162
24978,50.66114,-120.36978,112,6168
24978,50.66181,-120.36983,113,6240
24978,50.66231,-120.37015,114,6299
24978,50.6625,-120.3702,115,6320
24978,50.66264,-120.37018,116,6335
24978,50.66304,-120.36988,117,6383
24978,50.6633,-120.36904,118,6449
24978,50.66329,-120.36888,119,6460
24978,50.66333,-120.3687,120,6472
24978,50.66337,-120.36758,121,6548
24978,50.66341,-120.36739,122,6562
24978,50.66344,-120.36593,123,6664
24978,50.66348,-120.36392,124,6806
24978,50.66344,-120.3634,125,6847
24978,50.66349,-120.36319,126,6866
24978,50.66351,-120.36157,127,6979
24978,50.66354,-120.36012,128,7080
24978,50.6635,-120.35919,129,7150
24978,50.66356,-120.3589,130,7175
24978,50.66359,-120.35717,131,7295
24978,50.66355,-120.35681,132,7325
24978,50.6636,-120.35658,133,7346
24978,50.66363,-120.3559,134,7394
24978,50.66358,-120.35564,135,7413
24978,50.6636,-120.35416,136,7516
24978,50.66361,-120.35299,137,7596
24978,50.6634,-120.35212,138,7665
24978,50.6634,-120.35197,139,7679
24978,50.66286,-120.35057,140,7791
24978,50.66271,-120.34975,141,7851
24978,50.66267,-120.34827,142,7955
24978,50.66266,-120.34785,143,7983
24978,50.66274,-120.34771,144,7996
24978,50.66343,-120.34829,145,8085
24978,50.66354,-120.3485,146,8108
24978,50.6645,-120.34926,147,8226
24978,50.66535,-120.34984,148,8332
24978,50.66634,-120.35083,149,8464
24978,50.66702,-120.35232,150,8593
24978,50.667,-120.35246,151,8605
24978,50.66704,-120.35263,152,8618
24978,50.66708,-120.35554,153,8818
24978,50.66717,-120.35594,154,8847
24978,50.66748,-120.35658,155,8902
24978,50.6683,-120.35731,156,9003
24978,50.66898,-120.35775,157,9080
24978,50.66859,-120.35949,158,9209
24978,50.66819,-120.36139,159,9349
24978,50.66811,-120.36151,160,9363
24978,50.66778,-120.36306,161,9478
24978,50.66764,-120.3641,162,9552
24978,50.66808,-120.36409,163,9607
24978,50.66806,-120.36421,164,9615
24978,50.669,-120.36444,165,9719
24978,50.66996,-120.36468,166,9825
24978,50.67014,-120.36494,167,9852
24978,50.67026,-120.36531,168,9882
24978,50.67023,-120.36552,169,9900
24978,50.67028,-120.36576,170,9917
24978,50.67038,-120.366,171,9937
24978,50.67052,-120.3662,172,9957
24978,50.67114,-120.36672,173,10034
24978,50.67126,-120.36707,174,10062
24978,50.6713,-120.36741,175,10085
24978,50.67122,-120.36778,176,10112
24978,50.67084,-120.36846,177,10181
25007,50.67676,-120.32633,0,0
25007,50.69778,-120.36016,1,5200
25066,50.67676,-120.3269,0,0
25066,50.67074,-120.36864,1,5700
34331,50.67676,-120.32606,0,0
34331,50.71127,-120.38149,1,7600
43004,50.71127,-120.38149,0,0
43004,50.67676,-120.32578,1,7600
45709,50.67084,-120.36846,0,0
45709,50.67676,-120.32578,1,5700
45710,50.67074,-120.36864,0,0
45710,50.67676,-120.32578,1,5700
45728,50.67676,-120.32633,0,0
45728,50.67084,-120.36846,1,5700
45748,50.69778,-120.36016,0,0
45748,50.67074,-120.36864,1,7500
45757,50.69783,-120.3598,0,0
45757,50.67676,-120.3269,1,5200
45768,50.67074,-120.36864,0,0
45768,50.67676,-120.32606,1,5700
48561,50.69778,-120.36016,0,0
48561,50.67685,-120.32626,1,5200
48663,50.67676,-120.32578,0,0
48663,50.69778,-120.36016,1,5200
53441,50.69778,-120.36016,0,0
53441,50.69783,-120.3601,1,9
53441,50.69801,-120.35914,2,77
53441,50.69812,-120.35885,3,99
53441,50.69836,-120.35853,4,134
53441,50.69881,-120.35961,5,222
53441,50.6991,-120.36101,6,325
53441,50.6993,-120.36223,7,413
53441,50.69947,-120.36271,8,451
53441,50.69954,-120.36281,9,461
53441,50.69972,-120.36291,10,481
53441,50.70014,-120.36293,11,531
53441,50.70027,-120.36304,12,551
53441,50.70141,-120.36327,13,678
53441,50.70258,-120.36337,14,813
53441,50.70257,-120.36347,15,820
53441,50.70354,-120.36364,16,927
53441,50.7041,-120.36365,17,994
53441,50.70409,-120.36374,18,1000
53441,50.70516,-120.36392,19,1118
53441,50.70616,-120.36409,20,1229
53441,50.70668,-120.3641,21,1291
53441,50.70667,-120.36418,22,1297
53441,50.70827,-120.36446,23,1474
53441,50.70861,-120.36435,24,1512
53441,50.70874,-120.36415,25,1532
53441,50.70885,-120.36376,26,1562
53441,50.70894,-120.36359,27,1577
53441,50.70909,-120.36345,28,1596
53441,50.70962,-120.36326,29,1656
53441,50.70977,-120.36313,30,1674
53441,50.70995,-120.36284,31,1702
53441,50.71065,-120.35999,32,1918
53441,50.71069,-120.35965,33,1946
53441,50.71079,-120.35949,34,1966
53441,50.71151,-120.3569,35,2164
53441,50.71295,-120.35039,36,2650
53441,50.71361,-120.3474,37,2872
53441,50.71441,-120.34378,38,3141
53441,50.71464,-120.34231,39,3246
53441,50.71459,-120.34083,40,3349
53441,50.71427,-120.33938,41,3456
53441,50.71355,-120.33795,42,3583
53441,50.71218,-120.33601,43,3784
53441,50.71177,-120.33552,44,3844
53441,50.71174,-120.33538,45,3856
53441,50.71038,-120.3334,46,4062
53441,50.71005,-120.33282,47,4117
53441,50.70982,-120.33221,48,4166
53441,50.70965,-120.33148,49,4221
53441,50.70958,-120.32979,50,4339
53441,50.70959,-120.32959,51,4353
53441,50.71509,-120.33194,52,4984
53441,50.72138,-120.33452,53,5705
53441,50.72646,-120.33664,54,6288
53441,50.72833,-120.33738,55,6501
53441,50.72996,-120.33758,56,6682
53441,50.74345,-120.33633,57,8184
53441,50.74526,-120.3361,58,8385
53441,50.74683,-120.33554,59,8563
53441,50.75098,-120.33228,60,9077
53441,50.75246,-120.33157,61,9248
53441,50.75958,-120.3307,62,10042
53441,50.76496,-120.3301,63,10640
53441,50.7662,-120.32995,64,10778
53441,50.76779,-120.32939,65,10958
53441,50.77344,-120.32588,66,11633
53441,50.77856,-120.32269,67,12245
53441,50.78343,-120.32052,68,12806
53441,50.78772,-120.31709,69,13338
53441,50.79441,-120.31298,70,14135
53441,50.7981,-120.31069,71,14575
53441,50.79939,-120.3102,72,14722
53441,50.80209,-120.30975,73,15022
53441,50.80341,-120.30902,74,15178
53441,50.80483,-120.30794,75,15353
53441,50.80569,-120.30702,76,15469
53441,50.8064,-120.30596,77,15576
53441,50.80923,-120.29989,78,16103
53441,50.81038,-120.29784,79,16294
53441,50.81355,-120.29349,80,16761
53441,50.81475,-120.29233,81,16917
53441,50.81608,-120.29174,82,17070
53441,50.82433,-120.29032,83,17991
53441,50.82549,-120.28988,84,18123
53441,50.82646,-120.28899,85,18247
53441,50.82911,-120.28408,86,18701
53441,50.83335,-120.27804,87,19334
53441,50.83572,-120.27493,88,19676
53441,50.83702,-120.27373,89,19842
53441,50.83924,-120.2724,90,20105
53441,50.841,-120.27186,91,20304
53441,50.84331,-120.27184,92,20561
53441,50.84557,-120.27233,93,20814
53441,50.84571,-120.27227,94,20829
53441,50.84588,-120.27212,95,20850
53441,50.84828,-120.26901,96,21193
53441,50.85102,-120.26682,97,21538
53441,50.85104,-120.26691,98,21544
53441,50.85252,-120.26592,99,21721
53441,50.85343,-120.26563,100,21824
53441,50.85434,-120.26582,101,21925
53441,50.85503,-120.26625,102,22006
53441,50.85597,-120.26729,103,22133
53441,50.85656,-120.26779,104,22207
53441,50.8573,-120.26804,105,22290
53441,50.85805,-120.26795,106,22374
53441,50.85872,-120.26754,107,22453
53441,50.85961,-120.26643,108,22577
53441,50.86045,-120.26521,109,22708
53482,50.86045,-120.26521,0,0
53482,50.86048,-120.26528,1,6
53482,50.86063,-120.2651,2,27
53482,50.86151,-120.26466,3,128
53482,50.86184,-120.26464,4,164
53482,50.86216,-120.26477,5,199
53482,50.86221,-120.26482,6,205
53482,50.86225,-120.26489,7,211
53482,50.86225,-120.26501,8,219
53482,50.86164,-120.26626,9,328
53482,50.86129,-120.26732,10,411
53482,50.8612,-120.26795,11,456
53482,50.8605,-120.27018,12,630
53482,50.85957,-120.27188,13,787
53482,50.85862,-120.27296,14,916
53482,50.85774,-120.27351,15,1020
53482,50.85676,-120.2738,16,1130
53482,50.84968,-120.27408,17,1915
53482,50.84853,-120.27396,18,2042
53482,50.8459,-120.27295,19,2340
53482,50.84569,-120.27293,20,2363
53482,50.84062,-120.2745,21,2933
53482,50.8382,-120.27533,22,3208
53482,50.83354,-120.2793,23,3793
53482,50.83316,-120.27956,24,3838
53482,50.83292,-120.27964,25,3864
53482,50.83279,-120.27962,26,3878
53482,50.83238,-120.27971,27,3921
53482,50.82943,-120.2839,28,4361
53482,50.82691,-120.28859,29,4794
53482,50.826,-120.28973,30,4922
53482,50.82506,-120.29035,31,5034
53482,50.82019,-120.29124,32,5579
53482,50.81605,-120.29193,33,6041
53482,50.81479,-120.29252,34,6187
53482,50.81363,-120.29358,35,6335
53482,50.80993,-120.29886,36,6889
53482,50.80686,-120.30538,37,7458
53482,50.80612,-120.30663,38,7578
53482,50.80489,-120.30805,39,7746
53482,50.80353,-120.30916,40,7916
53482,50.80214,-120.30993,41,8079
53482,50.79867,-120.31061,42,8466
53482,50.7974,-120.31134,43,8615
53482,50.79728,-120.31151,44,8632
53482,50.79719,-120.31189,45,8660
53482,50.79736,-120.31244,46,8705
53482,50.79734,-120.31385,47,8808
53482,50.79733,-120.31497,48,8886
53482,50.79777,-120.31485,49,8942
53482,50.79777,-120.31497,50,8950
53482,50.79894,-120.31498,51,9080
53482,50.79979,-120.31467,52,9183
53482,50.7998,-120.31479,53,9191
53482,50.80094,-120.31429,54,9322
53482,50.80152,-120.31401,55,9389
53482,50.80228,-120.31322,56,9489
53482,50.80315,-120.3124,57,9607
53482,50.80317,-120.31248,58,9613
53482,50.80393,-120.31204,59,9702
53482,50.80413,-120.31268,60,9755
53482,50.8045,-120.31446,61,9890
53482,50.80479,-120.31569,62,9982
53482,50.80489,-120.31746,63,10108
53482,50.80496,-120.31797,64,10149
53482,50.8049,-120.31797,65,10155
53482,50.80491,-120.32037,66,10323
53482,50.8042,-120.32037,67,10401
53482,50.8042,-120.32059,68,10416
53482,50.80416,-120.3208,69,10431
53482,50.80398,-120.3211,70,10461
53482,50.80389,-120.32112,71,10473
53482,50.80262,-120.32209,72,10629
53482,50.80153,-120.32288,73,10762
53482,50.80114,-120.32307,74,10809
53482,50.80092,-120.32301,75,10836
53482,50.80092,-120.3204,76,11019
53482,50.80058,-120.32043,77,11067
53482,50.80058,-120.32034,78,11073
53482,50.79882,-120.32033,79,11267
53482,50.79758,-120.32038,80,11407
53482,50.79733,-120.32032,81,11437
53482,50.79733,-120.32288,82,11617
53482,50.79696,-120.32294,83,11660
53482,50.79589,-120.32289,84,11782
53482,50.79459,-120.32279,85,11926
53482,50.79318,-120.32211,86,12093
53482,50.79272,-120.32036,87,12231
53482,50.79224,-120.31865,88,12362
53482,50.79195,-120.31789,89,12429
53482,50.79194,-120.31766,90,12449
53482,50.79136,-120.31566,91,12603
53482,50.79111,-120.31587,92,12639
53482,50.78822,-120.31762,93,12989
53482,50.78797,-120.31771,94,13020
53482,50.78781,-120.31751,95,13042
53482,50.78771,-120.31743,96,13054
53482,50.78339,-120.32071,97,13585
53482,50.77875,-120.32282,98,14120
53482,50.77357,-120.326,99,14737
53482,50.76825,-120.32929,100,15372
53482,50.76694,-120.32992,101,15523
53482,50.7579,-120.33107,102,16530
53482,50.75311,-120.33161,103,17062
53482,50.7518,-120.332,104,17210
53482,50.75094,-120.33246,105,17310
53482,50.74738,-120.33532,106,17753
53482,50.74598,-120.3361,107,17916
53482,50.73817,-120.33701,108,18787
53482,50.73065,-120.33773,109,19624
53482,50.72925,-120.33772,110,19778
53482,50.72829,-120.33757,111,19886
53482,50.72375,-120.33571,112,20406
53482,50.71824,-120.33344,113,21038
53482,50.71302,-120.33126,114,21636
53482,50.7101,-120.33002,115,21971
53482,50.7099,-120.33009,116,21994
53482,50.70983,-120.33015,117,22002
53482,50.70979,-120.33024,118,22010
53482,50.70972,-120.33061,119,22037
53482,50.70978,-120.33145,120,22096
53482,50.70991,-120.33206,121,22141
53482,50.71011,-120.33263,122,22187
53482,50.71176,-120.33504,123,22440
53482,50.71187,-120.3353,124,22465
53482,50.71383,-120.33821,125,22761
53482,50.71445,-120.33965,126,22883
53482,50.71471,-120.34114,127,22990
53482,50.71468,-120.3427,128,23098
53482,50.71369,-120.34745,129,23450
53482,50.7117,-120.35646,130,24123
53482,50.71013,-120.36253,131,24581
53482,50.70978,-120.36411,132,24697
53482,50.70946,-120.36642,133,24862
53482,50.70887,-120.36612,134,24929
53482,50.70877,-120.36601,135,24942
53482,50.70869,-120.36588,136,24954
53482,50.70865,-120.3657,137,24967
53482,50.70865,-120.36502,138,25013
53482,50.70859,-120.36483,139,25027
53482,50.7085,-120.3647,140,25040
53482,50.70697,-120.36449,141,25209
53482,50.7068,-120.3644,142,25230
53482,50.7057,-120.3642,143,25352
53482,50.70513,-120.36417,144,25418
53482,50.70367,-120.3639,145,25587
53482,50.70358,-120.36383,146,25600
53482,50.70217,-120.36365,147,25761
53482,50.70128,-120.36342,148,25864
53482,50.69993,-120.36322,149,26017
53482,50.69854,-120.36272,150,26175
53482,50.69823,-120.3625,151,26212
53482,50.69775,-120.36194,152,26277
53482,50.69783,-120.36178,153,26291
53482,50.69778,-120.36016,154,26406
53488,50.67688,-120.32563,0,0
53488,50.67693,-120.32546,1,17
53488,50.67692,-120.32536,2,24
53488,50.67685,-120.32524,3,35
53488,50.67676,-120.32526,4,45
53488,50.67673,-120.32537,5,52
53488,50.67673,-120.32698,6,165
53488,50.67667,-120.32714,7,178
53488,50.67539,-120.32715,8,317
53488,50.67493,-120.32715,9,367
53488,50.67482,-120.32667,10,413
53488,50.67493,-120.32667,11,425
53488,50.67493,-120.32429,12,591
53488,50.67478,-120.32177,13,783
53488,50.67492,-120.32177,14,798
53488,50.67491,-120.32032,15,899
53488,50.67489,-120.31823,16,1045
53488,50.67433,-120.31639,17,1189
53488,50.67393,-120.31565,18,1270
53488,50.67405,-120.31555,19,1285
53488,50.67363,-120.3142,20,1389
53488,50.6732,-120.31285,21,1493
53488,50.67307,-120.31135,22,1606
53488,50.67314,-120.31135,23,1614
53488,50.67314,-120.30938,24,1753
53488,50.67314,-120.30759,25,1878
53488,50.67308,-120.30692,26,1930
53488,50.67313,-120.30672,27,1949
53488,50.67303,-120.30578,28,2013
53488,50.67323,-120.30456,29,2101
53488,50.67328,-120.30309,30,2204
53488,50.67313,-120.30045,31,2389
53488,50.673,-120.29974,32,2441
53488,50.67289,-120.29954,33,2459
53488,50.6728,-120.29944,34,2471
53488,50.67268,-120.29939,35,2485
53488,50.67255,-120.29939,36,2498
53488,50.67235,-120.29957,37,2524
53488,50.67164,-120.30139,38,2675
53488,50.6715,-120.30197,39,2718
53488,50.67153,-120.30234,40,2744
53488,50.6716,-120.30255,41,2760
53488,50.67172,-120.30271,42,2777
53488,50.67188,-120.30279,43,2795
53488,50.67207,-120.30281,44,2816
53488,50.67312,-120.30234,45,2935
53488,50.67606,-120.30046,46,3286
53488,50.67807,-120.29915,47,3528
53488,50.67927,-120.29862,48,3664
53488,50.68035,-120.2985,49,3783
53488,50.6814,-120.29868,50,3899
53488,50.6818,-120.29884,51,3944
53488,50.68193,-120.29883,52,3957
53488,50.6821,-120.29871,53,3978
53488,50.68221,-120.29857,54,3993
53488,50.68247,-120.29726,55,4089
53488,50.68237,-120.2972,56,4100
53488,50.68203,-120.29713,57,4138
53488,50.68143,-120.29732,58,4205
53488,50.68122,-120.29566,59,4327
53488,50.68104,-120.29404,60,4444
53488,50.68323,-120.29387,61,4687
53488,50.68323,-120.29398,62,4694
53488,50.68343,-120.29415,63,4718
53488,50.68349,-120.29431,64,4731
53488,50.68351,-120.29457,65,4749
53488,50.68337,-120.29733,66,4944
53488,50.6834,-120.29769,67,4969
53488,50.6835,-120.29805,68,4996
53488,50.6837,-120.29843,69,5030
53488,50.68479,-120.29963,70,5176
53488,50.68524,-120.29981,71,5226
53488,50.68564,-120.29976,72,5269
53488,50.68587,-120.29966,73,5295
53488,50.68676,-120.29881,74,5410
53488,50.68671,-120.29864,75,5423
53488,50.68652,-120.29828,76,5454
53488,50.68645,-120.2982,77,5462
53488,50.68626,-120.2981,78,5482
53488,50.68612,-120.29809,79,5496
53488,50.68605,-120.29805,80,5504
53488,50.68597,-120.29794,81,5514
53488,50.68593,-120.29783,82,5522
53488,50.68591,-120.29768,83,5531
53488,50.68593,-120.29745,84,5545
53488,50.686,-120.29724,85,5559
53488,50.68682,-120.29629,86,5677
53488,50.6873,-120.29712,87,5759
53488,50.68722,-120.29741,88,5781
53488,50.68713,-120.29809,89,5829
53488,50.68703,-120.29841,90,5854
53488,50.6869,-120.29865,91,5875
53488,50.68587,-120.29966,92,6009
53488,50.68541,-120.29981,93,6060
53488,50.68524,-120.29981,94,6078
53488,50.68479,-120.29963,95,6128
53488,50.6837,-120.29843,96,6274
53488,50.6835,-120.29805,97,6308
53488,50.6834,-120.29769,98,6335
53488,50.68337,-120.29733,99,6360
53488,50.68351,-120.29457,100,6555
53488,50.68349,-120.29431,101,6573
53488,50.68343,-120.29415,102,6586
53488,50.68323,-120.29398,103,6610
53488,50.68258,-120.29676,104,6818
53488,50.6818,-120.3005,105,7090
53488,50.68057,-120.30018,106,7228
53488,50.68049,-120.30089,107,7279
53488,50.6811,-120.30096,108,7351
53488,50.68165,-120.30118,109,7419
53488,50.68212,-120.299,110,7578
53488,50.68323,-120.29983,111,7713
53488,50.68421,-120.30105,112,7850
53488,50.68516,-120.30296,113,8020
53488,50.6882,-120.31034,114,8641
53488,50.69035,-120.3151,115,9052
53488,50.69247,-120.31942,116,9436
53488,50.69363,-120.32153,117,9630
53488,50.69351,-120.32174,118,9649
53488,50.69335,-120.3219,119,9669
53488,50.69324,-120.32196,120,9681
53488,50.69079,-120.32207,121,9953
53488,50.68754,-120.32217,122,10317
53488,50.68699,-120.3222,123,10377
53488,50.68635,-120.32253,124,10455
53490,50.68635,-120.32253,0,0
53490,50.68616,-120.32256,1,22
53490,50.68424,-120.32359,2,247
53490,50.68267,-120.32441,3,430
53490,50.68291,-120.32565,4,525
53490,50.68331,-120.32852,5,737
53490,50.68334,-120.32963,6,815
53490,50.68347,-120.32996,7,842
53490,50.68403,-120.33068,8,922
53490,50.68633,-120.33224,9,1199
53490,50.68777,-120.33267,10,1362
53490,50.68796,-120.3326,11,1389
53490,50.68794,-120.33272,12,1398
53490,50.69056,-120.33351,13,1694
53490,50.69056,-120.33505,14,1802
53490,50.69064,-120.33643,15,1902
53490,50.6906,-120.33655,16,1914
53490,50.69068,-120.33795,17,2012
53490,50.69166,-120.33769,18,2121
53490,50.69188,-120.33774,19,2146
53490,50.69212,-120.33788,20,2174
53490,50.69283,-120.33867,21,2274
53490,50.69306,-120.33906,22,2315
53490,50.69324,-120.33923,23,2338
53490,50.69348,-120.3393,24,2365
53490,50.69371,-120.3392,25,2391
53490,50.69388,-120.339,26,2413
53490,50.69408,-120.33857,27,2451
53490,50.69613,-120.33967,28,2692
53490,50.69675,-120.34002,29,2764
53490,50.69692,-120.34018,30,2786
53490,50.69747,-120.34108,31,2879
53490,50.69743,-120.34114,32,2885
53490,50.6975,-120.34128,33,2898
53490,50.69903,-120.34337,34,3123
53490,50.69918,-120.34315,35,3153
53490,50.69921,-120.34322,36,3159
53490,50.69996,-120.34223,37,3267
53490,50.70064,-120.3412,38,3371
53490,50.70078,-120.34099,39,3391
53490,50.70111,-120.3395,40,3502
53490,50.70148,-120.33791,41,3620
53490,50.70166,-120.33749,42,3655
53490,50.70241,-120.33668,43,3755
53490,50.70253,-120.33656,44,3770
53490,50.70277,-120.33621,45,3806
53490,50.70348,-120.33467,46,3939
53490,50.70412,-120.33311,47,4074
53490,50.70416,-120.33316,48,4080
53490,50.70429,-120.33288,49,4104
53490,50.70172,-120.33054,50,4434
53490,50.701,-120.32964,51,4536
53490,50.69994,-120.32833,52,4685
53490,50.69918,-120.3274,53,4790
53490,50.69868,-120.32688,54,4854
53490,50.6997,-120.32805,55,4994
53490,50.69895,-120.32715,56,5098
53490,50.69827,-120.32646,57,5187
53490,50.69738,-120.32609,58,5288
53490,50.69714,-120.32607,59,5315
53490,50.69528,-120.32723,60,5536
53490,50.69518,-120.32737,61,5550
53490,50.69466,-120.32774,62,5612
53490,50.69444,-120.32781,63,5637
53490,50.69263,-120.32781,64,5837
53490,50.69249,-120.32774,65,5853
53490,50.69234,-120.32782,66,5874
53490,50.69149,-120.32775,67,5974
53490,50.69056,-120.32775,68,6077
53490,50.69051,-120.32395,69,6348
53490,50.69055,-120.32202,70,6487
53490,50.69324,-120.32196,71,6783
53490,50.69333,-120.32173,72,6801
53490,50.69335,-120.3216,73,6810
53490,50.69334,-120.32148,74,6818
53490,50.69329,-120.32127,75,6833
53490,50.6915,-120.31774,76,7150
53490,50.68913,-120.31274,77,7590
53490,50.68508,-120.30302,78,8410
53490,50.68443,-120.30165,79,8530
53490,50.68363,-120.30047,80,8651
53490,50.6826,-120.2995,81,8782
53490,50.68238,-120.29934,82,8809
53490,50.68226,-120.29934,83,8822
53490,50.68216,-120.29937,84,8833
53490,50.68208,-120.29946,85,8844
53490,50.68198,-120.29964,86,8860
53490,50.6818,-120.3005,87,8924
53490,50.68057,-120.30018,88,9062
53490,50.68049,-120.30089,89,9113
53490,50.6811,-120.30096,90,9185
53490,50.68165,-120.30118,91,9253
53490,50.68198,-120.29964,92,9367
53490,50.68241,-120.29753,93,9519
53490,50.68247,-120.29726,94,9539
53490,50.68237,-120.2972,95,9550
53490,50.68203,-120.29713,96,9588
53490,50.68143,-120.29732,97,9655
53490,50.68122,-120.29566,98,9777
53490,50.68104,-120.29404,99,9894
53490,50.68323,-120.29387,100,10137
53490,50.68323,-120.29398,101,10144
53490,50.68343,-120.29415,102,10168
53490,50.68349,-120.29431,103,10181
53490,50.68351,-120.29457,104,10199
53490,50.68337,-120.29733,105,10394
53490,50.6834,-120.29769,106,10419
53490,50.6835,-120.29805,107,10446
53490,50.6837,-120.29843,108,10480
53490,50.68479,-120.29963,109,10626
53490,50.68524,-120.29981,110,10676
53490,50.68564,-120.29976,111,10719
53490,50.68587,-120.29966,112,10745
53490,50.68676,-120.29881,113,10860
53490,50.68671,-120.29864,114,10873
53490,50.68652,-120.29828,115,10904
53490,50.68645,-120.2982,116,10912
53490,50.68626,-120.2981,117,10932
53490,50.68612,-120.29809,118,10946
53490,50.68605,-120.29805,119,10954
53490,50.68597,-120.29794,120,10964
53490,50.68593,-120.29783,121,10972
53490,50.68591,-120.29768,122,10981
53490,50.68593,-120.29745,123,10995
53490,50.686,-120.29724,124,11009
53490,50.68682,-120.29629,125,11127
53490,50.6873,-120.29712,126,11209
53490,50.68722,-120.29741,127,11231
53490,50.68713,-120.29809,128,11279
53490,50.68703,-120.29841,129,11304
53490,50.6869,-120.29865,130,11325
53490,50.68587,-120.29966,131,11459
53490,50.68541,-120.29981,132,11510
53490,50.68524,-120.29981,133,11528
53490,50.68479,-120.29963,134,11578
53490,50.6837,-120.29843,135,11724
53490,50.6835,-120.29805,136,11758
53490,50.6834,-120.29769,137,11785
53490,50.68337,-120.29733,138,11810
53490,50.68351,-120.29457,139,12005
53490,50.68349,-120.29431,140,12023
53490,50.68343,-120.29415,141,12036
53490,50.68323,-120.29398,142,12060
53490,50.68221,-120.29857,143,12400
53490,50.68208,-120.29917,144,12443
53490,50.68114,-120.29878,145,12550
53490,50.67996,-120.29865,146,12680
53490,50.67895,-120.29886,147,12792
53490,50.67608,-120.30058,148,13131
53490,50.67313,-120.30249,149,13483
53490,50.67287,-120.30266,150,13514
53490,50.67262,-120.30295,151,13548
53490,50.67249,-120.30318,152,13569
53490,50.67241,-120.3034,153,13587
53490,50.67237,-120.30367,154,13606
53490,50.67239,-120.3039,155,13623
53490,50.67293,-120.30537,156,13741
53490,50.67303,-120.30578,157,13772
53490,50.67319,-120.31083,158,14129
53490,50.67315,-120.31246,159,14248
53490,50.6732,-120.31285,160,14276
53490,50.67362,-120.31418,161,14379
53490,50.67425,-120.31583,162,14522
53490,50.67417,-120.3159,163,14532
53490,50.67475,-120.31776,164,14678
53490,50.67534,-120.3196,165,14822
53490,50.67588,-120.32129,166,14960
53490,50.67581,-120.3213,167,14968
53490,50.67582,-120.32349,168,15121
53490,50.67582,-120.32503,169,15229
53490,50.67583,-120.32714,170,15378
53490,50.67667,-120.32714,171,15469
53490,50.67677,-120.32708,172,15481
53490,50.67689,-120.32708,173,15493
53490,50.67692,-120.32691,174,15505
53490,50.67688,-120.32563,175,15600
53697,50.67685,-120.32592,0,0
53697,50.67114,-120.3682,1,5700
53700,50.69787,-120.36041,0,0
53700,50.67676,-120.32606,1,5200
53754,50.67676,-120.3269,0,0
53754,50.69787,-120.36041,1,5200
53799,50.67685,-120.32592,0,0
53799,50.67074,-120.36864,1,5700
53843,50.67114,-120.3682,0,0
53843,50.69778,-120.36016,1,7500
53863,50.67685,-120.32626,0,0
53863,50.69778,-120.36016,1,5200
